C. DE SALA,SECTOR,NOMBRE DE SALA,ENTIDAD / MUNICIPALIDAD,TS A CARGO,ESTADO,octubre/22,noviembre/22,diciembre/22,enero/23,febrero/23,marzo/23,abril/23,mayo/23,junio/23,julio/23,agosto/23,septiembre/23,octubre/23,noviembre/23,diciembre/23,enero/24,febrero/24,marzo/24,abril/24,mayo/24,junio/24,julio/24,agosto/24,septiembre/24,octubre/24,noviembre/24,diciembre/24,enero/25,febrero/25,marzo/25
C.0001,TERCER SECTOR CAPITAL,MONIGOTES DE COLORES,RECURSOS HUMANOS ASOCIACIÓN CIVIL,,ABIERTA,58,59,58,58,53,52,59,,,,,,,,,,,,,,,,,,,,,,,
C.0002,TERCER SECTOR CAPITAL,LA CASITA DEL SOL,LA CASITA DEL SOL ASOCIACIÓN CIVIL,,ABIERTA,74,74,74,74,53,51,60,,,,,,,,,,,,,,,,,,,,,,,
C.0003,TERCER SECTOR CAPITAL,OJITOS DULCES,OJITOS DULCES ASOCIACIÓN CIVIL,,ABIERTA,58,58,58,58,50,55,54,,,,,,,,,,,,,,,,,,,,,,,
C.0004,TERCER SECTOR CAPITAL,MI ARCO IRIS,GUÍA MI CAMINO ASOCIACIÓN CIVIL,,ABIERTA,63,68,67,67,68,69,59,,,,,,,,,,,,,,,,,,,,,,,
C.0005,TERCER SECTOR CAPITAL,CHIQUITINES,FUNDACIÓN ENCUENTRO,,ABIERTA,51,51,51,51,51,48,68,,,,,,,,,,,,,,,,,,,,,,,
C.0006,TERCER SECTOR CAPITAL,APRENDIENDO A VOLAR,ASOCIACIÓN CIVIL APRENDIENDO A VOLAR,,ABIERTA,62,62,62,62,52,55,53,,,,,,,,,,,,,,,,,,,,,,,
C.0007,TERCER SECTOR CAPITAL,MONSEÑOR ANGELELLI,SAL Y LUZ ASOCIACIÓN CIVIL,,ABIERTA,74,60,54,54,56,61,66,,,,,,,,,,,,,,,,,,,,,,,
C.0008,TERCER SECTOR CAPITAL,RAYITOS DE ESPERANZA,ASOCIACIÓN CIVIL SANGRE Y SOL,,ABIERTA,48,42,45,45,36,31,65,,,,,,,,,,,,,,,,,,,,,,,
C.0009,TERCER SECTOR CAPITAL,CARICIA DE MAMÁ,ASOCIACION CIVIL HUELLITAS EN EL CAMINO,,ABIERTA,64,64,64,64,65,65,29,,,,,,,,,,,,,,,,,,,,,,,
C.0010,TERCER SECTOR CAPITAL,CENTRO INTEGRAL MATERNO INFANTIL CECILIA GRIERSON (C.I.M.I.),GRUPO SOLIDARIO POR LOS NIÑOS ASOCIACIÓN CIVIL,,ABIERTA,43,43,42,42,32,32,65,,,,,,,,,,,,,,,,,,,,,,,
C.0011,TERCER SECTOR CAPITAL,ARCO IRIS DE FELICIDAD,ASOCIACIÓN CIVIL IVANA (IGUAL VIDA A NIÑOS Y ANCIANOS ASOCIACIÓN),,ABIERTA,62,59,59,59,59,60,31,,,,,,,,,,,,,,,,,,,,,,,
C.0012,TERCER SECTOR CAPITAL,TRAPITO,ASOCIACIÓN CIVIL CONSTRUYENDO UN MAÑANA,,ABIERTA,32,30,26,26,26,17,60,,,,,,,,,,,,,,,,,,,,,,,
C.0013,TERCER SECTOR CAPITAL,,,,CERRADA,CERRADA,CERRADA,CERRADA,CERRADA,CERRADA,CERRADA,18,,,,,,,,,,,,,,,,,,,,,,,
C.0014,GESTION DIRECTA,,,,CERRADA,0,0,0,0,0,0,CERRADA,,,,,,,,,,,,,,,,,,,,,,,
C.0015,GESTION DIRECTA,,,,CERRADA,0,0,0,0,0,0,CERRADA,,,,,,,,,,,,,,,,,,,,,,,
C.0016,GESTION DIRECTA,,,,CERRADA,0,0,0,0,0,0,CERRADA,,,,,,,,,,,,,,,,,,,,,,,
C.0017,GESTION DIRECTA,,,,CERRADA,0,0,0,0,0,0,CERRADA,,,,,,,,,,,,,,,,,,,,,,,
C.0018,GESTION DIRECTA,,,,CERRADA,0,0,0,0,0,0,CERRADA,,,,,,,,,,,,,,,,,,,,,,,
C.0019,GESTION DIRECTA,,,,CERRADA,0,0,0,0,0,0,CERRADA,,,,,,,,,,,,,,,,,,,,,,,
C.0020,GESTION DIRECTA,,,,CERRADA,0,0,0,0,0,0,CERRADA,,,,,,,,,,,,,,,,,,,,,,,
C.0021,TERCER SECTOR CAPITAL,DE COLORES,FUNDACIÓN JESÚS ES LA LUZ DEL MUNDO,,CERRADA,66,66,64,64,55,66,CERRADA,,,,,,,,,,,,,,,,,,,,,,,
C.0022,TERCER SECTOR CAPITAL,CENTRO COMUNITARIO ESPERANZA,ASOCIACIÓN CIVIL CENTRO COMUNITARIO ESPERANZA,,ABIERTA,75,65,67,67,56,70,65,,,,,,,,,,,,,,,,,,,,,,,
C.0023,GESTION DIRECTA,,,,ABIERTA,0,0,0,0,0,0,70,,,,,,,,,,,,,,,,,,,,,,,
C.0024,GESTION DIRECTA,,,,CERRADA,0,0,0,0,0,0,CERRADA,,,,,,,,,,,,,,,,,,,,,,,
C.0025,GESTION DIRECTA,,,,CERRADA,0,0,0,0,0,0,CERRADA,,,,,,,,,,,,,,,,,,,,,,,
C.0026,TERCER SECTOR CAPITAL,MI NARANJA,pendiente de asignación xq se dio de baja a la entidad,,CERRADA,CERRADA,CERRADA,CERRADA,CERRADA,CERRADA,CERRADA,CERRADA,,,,,,,,,,,,,,,,,,,,,,,
C.0027,TERCER SECTOR CAPITAL,LOS CORCHITOS,COMEDOR SOLIDARIO LOS CORCHITOS,,CERRADA,47,47,47,47,46,47,CERRADA,,,,,,,,,,,,,,,,,,,,,,,
C.0028,GESTION DIRECTA,,,,ABIERTA,0,0,0,0,0,0,47,,,,,,,,,,,,,,,,,,,,,,,
C.0029,GESTION DIRECTA,,,,CERRADA,0,0,0,0,0,0,CERRADA,,,,,,,,,,,,,,,,,,,,,,,
C.0030,TERCER SECTOR CAPITAL,LA ABEJITA PICARONA,LA ABEJITA PICARONA ASOCIACIÓN CIVIL,,CERRADA,67,67,67,67,66,69,CERRADA,,,,,,,,,,,,,,,,,,,,,,,
C.0031,TERCER SECTOR CAPITAL,NUESTROS SUEÑOS,ASOCIACIÓN CIVIL AMMAR CORDOBA,,ABIERTA,59,59,57,57,57,41,70,,,,,,,,,,,,,,,,,,,,,,,
C.0032,TERCER SECTOR CAPITAL,COLOR ESPERANZA,ASOCIACIÓN CIVIL COLOR ESPERANZA,,ABIERTA,35,35,35,35,28,30,39,,,,,,,,,,,,,,,,,,,,,,,
C.0033,TERCER SECTOR CAPITAL,LA HORITA FELÍZ,ASOCIACIÓN DE PADRES DE LA HORITA FELÍZ,,ABIERTA,50,50,49,49,34,40,30,,,,,,,,,,,,,,,,,,,,,,,
C.0034,TERCER SECTOR CAPITAL,TRIGO Y MIEL,TRIGO Y MIEL ASOCIACIÓN CIVIL,,ABIERTA,88,88,88,88,88,88,35,,,,,,,,,,,,,,,,,,,,,,,
C.0035,TERCER SECTOR CAPITAL,RONDA DE BARRILETES,RONDA DE BARRILETES ASOCIACIÓN CIVIL,,ABIERTA,35,35,35,35,26,27,88,,,,,,,,,,,,,,,,,,,,,,,
C.0036,TERCER SECTOR CAPITAL,RAYITOS DE LUZ,UN MANA DEL CIELO,,ABIERTA,37,34,34,34,32,32,27,,,,,,,,,,,,,,,,,,,,,,,
C.0037,TERCER SECTOR CAPITAL,ANA EVANGELINA,FUTURO - PORVENIR,,ABIERTA,63,60,60,60,41,43,32,,,,,,,,,,,,,,,,,,,,,,,
C.0038,TERCER SECTOR CAPITAL,EL CANGURITO TRAVIESO,GRUPO SOLIDARIO POR LOS NIÑOS ASOCIACIÓN CIVIL,,CERRADA,26,29,29,29,CERRADA,CERRADA,43,,,,,,,,,,,,,,,,,,,,,,,
C.0039,TERCER SECTOR CAPITAL,LUCÍA PÍA,LUCÍA PÍA ASOCIACIÓN CIVIL,,CERRADA,74,75,75,75,69,75,CERRADA,,,,,,,,,,,,,,,,,,,,,,,
C.0040,TERCER SECTOR CAPITAL,MANITOS ABIERTAS,PARROQUIA SAN JUAN BAUTISTA,,ABIERTA,24,24,24,24,22,22,75,,,,,,,,,,,,,,,,,,,,,,,
I.0041,COMUNAS Y MUNICIPIOS,CORAZONCITOS,MUNICIPALIDAD DE SAN AGUSTIN,,ABIERTA,40,40,40,40,40,30,23,,,,,,,,,,,,,,,,,,,,,,,
I.0042,COMUNAS Y MUNICIPIOS,INTI WAWA,MUNICIPALIDAD DE LOS CONDORES,,ABIERTA,16,16,16,16,19,19,30,,,,,,,,,,,,,,,,,,,,,,,
C.0043,TERCER SECTOR CAPITAL,HORMIGUITAS VIAJERAS,ASOCIACIÓN CIVIL COMEDOR COMUNITARIO AGUSTÍN TOSCO,,ABIERTA,29,29,28,28,21,22,19,,,,,,,,,,,,,,,,,,,,,,,
C.0044,TERCER SECTOR CAPITAL,DIVINO NIÑO,ASOCIACIÓN CIVIL JÓVENES POR UN FUTURO MEJOR,,ABIERTA,60,58,62,62,44,50,21,,,,,,,,,,,,,,,,,,,,,,,
I.0045,COMUNAS Y MUNICIPIOS,EL NIDITO,MUNICIPALIDAD DE SAN JAVIER Y YACANTO,,ABIERTA,29,29,29,29,29,27,57,,,,,,,,,,,,,,,,,,,,,,,
I.0046,COMUNAS Y MUNICIPIOS,EL PAYASO PLIN PLIN,COMUNA DE LOS HORNILLOS,,ABIERTA,12,12,12,12,12,14,27,,,,,,,,,,,,,,,,,,,,,,,
I.0047,COMUNAS Y MUNICIPIOS,MANITOS TRAVIESAS,MUNICIPALIDAD DE NONO,,ABIERTA,22,22,22,22,22,23,14,,,,,,,,,,,,,,,,,,,,,,,
I.0048,COMUNAS Y MUNICIPIOS,EL NIÑO JESUS,MUNICIPALIDAD DE MALVINAS ARGENTINAS,,ABIERTA,58,58,58,58,57,45,23,,,,,,,,,,,,,,,,,,,,,,,
I.0049,COMUNAS Y MUNICIPIOS,RAYITO DE LUZ,MUNICIPALIDAD DE SAN ANTONIO DE ARREDONDO,,ABIERTA,15,15,15,15,15,12,60,,,,,,,,,,,,,,,,,,,,,,,
C.0050,TERCER SECTOR CAPITAL,LAS ARDILLITAS TRAVIESAS,ASOCIACION IGLESIA EVANGELICA FILADELFIA ARGENTINA,,ABIERTA,57,57,60,60,47,57,12,,,,,,,,,,,,,,,,,,,,,,,
I.0051,COMUNAS Y MUNICIPIOS,SEMBRANDO SUEÑOS,MUNICIPALIDAD DE LA CALERA,,CERRADA,CERRADA,CERRADA,CERRADA,CERRADA,CERRADA,CERRADA,57,,,,,,,,,,,,,,,,,,,,,,,
I.0052,COMUNAS Y MUNICIPIOS,TROMPITAS,MUNICIPALIDAD DE TRANSITO,,CERRADA,31,31,31,31,31,22,CERRADA,,,,,,,,,,,,,,,,,,,,,,,
I.0053,COMUNAS Y MUNICIPIOS,HUELLITAS,MUNICIPALIDAD DE LUQUE,,ABIERTA,55,55,55,55,55,48,22,,,,,,,,,,,,,,,,,,,,,,,
I.0054,COMUNAS Y MUNICIPIOS,LOS PATITOS,MUNICIPALIDAD DE CINTRA,,ABIERTA,36,36,36,36,36,25,48,,,,,,,,,,,,,,,,,,,,,,,
C.0055,TERCER SECTOR CAPITAL,ESTRELLITAS Y DUENDES,ASOCIACIÓN CIVIL PANCITAS FELICES COMEDOR COMUNITARIO,,ABIERTA,66,64,62,62,62,63,25,,,,,,,,,,,,,,,,,,,,,,,
I.0056,COMUNAS Y MUNICIPIOS,CAMPANITA,MUNICIPALIDAD DE SALDAN,,ABIERTA,46,45,44,44,44,51,63,,,,,,,,,,,,,,,,,,,,,,,
I.0057,COMUNAS Y MUNICIPIOS,MIS POLLITOS,MUNICIPALIDAD DE SALDAN,,ABIERTA,50,48,48,48,48,55,42,,,,,,,,,,,,,,,,,,,,,,,
I.0058,COMUNAS Y MUNICIPIOS,JOSE GONZALEZ TEJEIRO,MUNICIPALIDAD DE LAS PEÑAS,,ABIERTA,20,20,20,20,20,14,47,,,,,,,,,,,,,,,,,,,,,,,
I.0059,COMUNAS Y MUNICIPIOS,RINCON DE SUEÑOS,MUNICIPALIDAD DE SANTA ROSA DE CALAMUCHITA,,ABIERTA,38,40,40,40,40,32,17,,,,,,,,,,,,,,,,,,,,,,,
I.0060,COMUNAS Y MUNICIPIOS,HUA HUAS CUSIS,MUNICIPALIDAD DE SAN CARLOS MINAS,,ABIERTA,31,31,31,31,31,22,33,,,,,,,,,,,,,,,,,,,,,,,
I.0061,COMUNAS Y MUNICIPIOS,BICHITO DE LUZ,MUNICIPALIDAD DE LOS CERRILLOS,,ABIERTA,28,24,24,24,24,17,22,,,,,,,,,,,,,,,,,,,,,,,
C.0062,TERCER SECTOR CAPITAL,GOTITAS DE AMOR,ASOCIACIÓN LAZOS PARA CRECER,,CERRADA,50,51,50,50,26,CERRADA,17,,,,,,,,,,,,,,,,,,,,,,,
C.0063,TERCER SECTOR CAPITAL,RAYITO DE SOL,FUNDACIÓN RAYITO DE SOL,,CERRADA,69,70,70,70,70,69,CERRADA,,,,,,,,,,,,,,,,,,,,,,,
I.0064,COMUNAS Y MUNICIPIOS,MUNDO DE COLORES,MUNICIPALIDAD DE ESTACION JUAREZ CELMAN,,ABIERTA,19,27,27,27,27,16,68,,,,,,,,,,,,,,,,,,,,,,,
C.0065,TERCER SECTOR CAPITAL,NIÑOS FELICES,CENTRO PARA EL FORTALECIMIENTO COMUNITARIO CE.FO.C.,,ABIERTA,75,73,75,75,54,62,25,,,,,,,,,,,,,,,,,,,,,,,
C.0066,TERCER SECTOR CAPITAL,LA CASITA DE MARTA,ASOCIACIÓN CIVIL CASA PUEBLO SUR,,ABIERTA,74,72,72,72,72,73,65,,,,,,,,,,,,,,,,,,,,,,,
I.0067,COMUNAS Y MUNICIPIOS,LUNA DE AMOR,MUNICIPALIDAD DE LA PAZ,,ABIERTA,27,27,27,27,27,19,73,,,,,,,,,,,,,,,,,,,,,,,
C.0068,TERCER SECTOR CAPITAL,RINCONCITO DE LUZ,ASOCIACIÓN COMUNITARIA PARQUE ITUZAINGO,,ABIERTA,40,40,40,40,40,40,22,,,,,,,,,,,,,,,,,,,,,,,
I.0069,COMUNAS Y MUNICIPIOS,MUNDO MAGICO,MUNICIPALIDAD DE VILLA DE SOTO,,ABIERTA,27,27,27,27,30,30,40,,,,,,,,,,,,,,,,,,,,,,,
I.0070,COMUNAS Y MUNICIPIOS,GRANADERO JOSE MARQUEZ,MUNICIPALIDAD DE VILLA TULUMBA,,ABIERTA,22,22,22,22,22,21,30,,,,,,,,,,,,,,,,,,,,,,,
I.0071,COMUNAS Y MUNICIPIOS,ARTURO ILLIA,MUNICIPALIDAD DE VILLA NUEVA,,ABIERTA,60,60,60,60,60,55,21,,,,,,,,,,,,,,,,,,,,,,,
I.0072,COMUNAS Y MUNICIPIOS,JUSTO PAEZ MOLINA,MUNICIPALIDAD DE VILLA NUEVA,,ABIERTA,69,69,69,69,67,40,61,,,,,,,,,,,,,,,,,,,,,,,
I.0073,COMUNAS Y MUNICIPIOS,MAESTRO SANTOS ROYA,MUNICIPALIDAD DE COLONIA CAROYA,,ABIERTA,9,10,10,10,10,7,44,,,,,,,,,,,,,,,,,,,,,,,
I.0074,COMUNAS Y MUNICIPIOS,EVA DUARTE,MUNICIPALIDAD DE COLONIA CAROYA,,ABIERTA,29,23,23,23,23,17,8,,,,,,,,,,,,,,,,,,,,,,,
I.0075,COMUNAS Y MUNICIPIOS,ARTURO ILLIA,MUNICIPALIDAD DE COLONIA CAROYA,,ABIERTA,24,28,28,28,28,25,21,,,,,,,,,,,,,,,,,,,,,,,
C.0076,TERCER SECTOR CAPITAL,LOS TRES PATITOS,PARROQUIA SAN RAMÓN NONATO,,ABIERTA,27,22,22,22,18,22,25,,,,,,,,,,,,,,,,,,,,,,,
C.0077,TERCER SECTOR CAPITAL,BENJAMINOS,BENJAMINOS - ASOCIACIÓN CIVIL,,ABIERTA,64,62,62,62,55,63,21,,,,,,,,,,,,,,,,,,,,,,,
I.0078,COMUNAS Y MUNICIPIOS,MARCELO JAVIER SUPPO,MUNICIPALIDAD DE VILLA MARIA,,ABIERTA,114,114,114,114,114,108,59,,,,,,,,,,,,,,,,,,,,,,,
I.0079,COMUNAS Y MUNICIPIOS,LOS CONEJITOS TRAVIESOS,MUNICIPALIDAD DE VILLA MARIA,,ABIERTA,63,63,63,63,62,56,118,,,,,,,,,,,,,,,,,,,,,,,
I.0080,COMUNAS Y MUNICIPIOS,LAS ARDILLITAS,MUNICIPALIDAD DE VILLA MARIA,,ABIERTA,73,73,73,73,73,67,60,,,,,,,,,,,,,,,,,,,,,,,
I.0081,COMUNAS Y MUNICIPIOS,LAS RANITAS SALTARINAS,MUNICIPALIDAD DE VILLA MARIA,,ABIERTA,61,61,61,61,61,74,75,,,,,,,,,,,,,,,,,,,,,,,
I.0082,COMUNAS Y MUNICIPIOS,ROXANA GUIZZO,MUNICIPALIDAD DE VILLA MARIA,,ABIERTA,43,43,43,43,43,41,74,,,,,,,,,,,,,,,,,,,,,,,
I.0083,COMUNAS Y MUNICIPIOS,MARIA ELENA WALSH,MUNICIPALIDAD DE VILLA MARIA,,ABIERTA,130,130,129,129,129,130,42,,,,,,,,,,,,,,,,,,,,,,,
I.0084,COMUNAS Y MUNICIPIOS,ARTURO ILLIA,MUNICIPALIDAD DE VILLA MARIA,,ABIERTA,97,97,97,97,97,92,130,,,,,,,,,,,,,,,,,,,,,,,
I.0085,COMUNAS Y MUNICIPIOS,MARIA IDA ALVAREZ,MUNICIPALIDAD DE VILLA MARIA,,ABIERTA,71,71,71,71,71,59,99,,,,,,,,,,,,,,,,,,,,,,,
I.0086,COMUNAS Y MUNICIPIOS,ANA MARIA SOLIS,MUNICIPALIDAD DE VILLA MARIA,,ABIERTA,138,138,137,137,137,134,76,,,,,,,,,,,,,,,,,,,,,,,
I.0087,COMUNAS Y MUNICIPIOS,NORMA ESTHER NININA TAIS DE ARPÓN,MUNICIPALIDAD DE VILLA MARIA,,ABIERTA,59,59,59,59,59,59,147,,,,,,,,,,,,,,,,,,,,,,,
I.0088,COMUNAS Y MUNICIPIOS,DR. AMADEO SABATTINI,MUNICIPALIDAD DE VILLA MARIA,,ABIERTA,190,190,190,190,190,153,60,,,,,,,,,,,,,,,,,,,,,,,
I.0089,COMUNAS Y MUNICIPIOS,BICHITO DE LUZ,MUNICIPALIDAD DE VILLA MARIA,,ABIERTA,56,56,56,56,56,56,153,,,,,,,,,,,,,,,,,,,,,,,
C.0090,TERCER SECTOR CAPITAL,LA CASITA DE POMPIS,FUNDACIÓN CARLOS JUAREZ,,ABIERTA,60,60,59,59,58,59,63,,,,,,,,,,,,,,,,,,,,,,,
C.0091,TERCER SECTOR CAPITAL,PASITO A PASITO,PARROQUIA SAN RAMÓN NONATO,,ABIERTA,67,68,68,68,60,70,58,,,,,,,,,,,,,,,,,,,,,,,
C.0092,TERCER SECTOR CAPITAL,CENTRO DE PRIMERA INFANCIA CAMPUS NORTE,UNIVERSIDAD PROVINCIAL DE CÓRDOBA,,ABIERTA,7,7,7,7,7,7,70,,,,,,,,,,,,,,,,,,,,,,,
I.0093,COMUNAS Y MUNICIPIOS,BAJITOS PARENSES,MUNICIPALIDAD DE LA PARA,,ABIERTA,18,18,18,18,18,16,7,,,,,,,,,,,,,,,,,,,,,,,
I.0094,COMUNAS Y MUNICIPIOS,EVITA,MUNICIPALIDAD DE VILLA SANTA CRUZ DEL LAGO,,ABIERTA,35,35,35,35,35,29,16,,,,,,,,,,,,,,,,,,,,,,,
C.0095,TERCER SECTOR CAPITAL,LOS ANGELITOS DE OLMEDO,SINDICATO DE AMAS DE CASA ASOCIACIÓN CIVIL,,ABIERTA,40,22,26,26,37,40,29,,,,,,,,,,,,,,,,,,,,,,,
C.0096,TERCER SECTOR CAPITAL,CENTRO DE PRIMERA INFANCIA CAMPUS SUR,UNIVERSIDAD PROVINCIAL DE CÓRDOBA,,ABIERTA,24,24,23,23,23,19,42,,,,,,,,,,,,,,,,,,,,,,,
I.0097,COMUNAS Y MUNICIPIOS,GOTITAS DE MIEL,MUNICIPALIDAD DE LA PLAYOSA,,ABIERTA,40,40,40,40,40,32,18,,,,,,,,,,,,,,,,,,,,,,,
C.0098,TERCER SECTOR CAPITAL,ANGELITOS DE COLORES,CENTRO VECINAL DE BARRIO EMPALME Y AMPLIACIÓN EMPALME,,ABIERTA,67,67,64,64,55,67,32,,,,,,,,,,,,,,,,,,,,,,,
C.0099,TERCER SECTOR CAPITAL,HADAS Y DUENDES,CRECIENDO FELICES ASOCIACIÓN CIVIL,,ABIERTA,28,21,23,23,21,24,67,,,,,,,,,,,,,,,,,,,,,,,
C.0100,TERCER SECTOR CAPITAL,JUANA AZURDUY,COOPERATIVA DE VIVIENDA CRÉDITO Y CONSUMO Y SERVICIOS JUANA AZURDUY LIMITADA,,ABIERTA,65,65,65,65,47,40,24,,,,,,,,,,,,,,,,,,,,,,,
C.0101,TERCER SECTOR CAPITAL,YO TE AYUDO,FUNDACIÓN YO TE AYUDO,,ABIERTA,55,58,58,58,55,58,41,,,,,,,,,,,,,,,,,,,,,,,
I.0102,COMUNAS Y MUNICIPIOS,HUELLITAS DE AMOR,MUNICIPALIDAD DE GENERAL ROCA,,ABIERTA,30,30,30,30,30,18,47,,,,,,,,,,,,,,,,,,,,,,,
I.0103,COMUNAS Y MUNICIPIOS,SAN GABRIEL BROCHERO,MUNICIPALIDAD DE VILLA SARMIENTO,,ABIERTA,20,23,23,23,23,15,18,,,,,,,,,,,,,,,,,,,,,,,
I.0104,COMUNAS Y MUNICIPIOS,ARCO IRIS,MUNICIPALIDAD DE RIO CUARTO,,ABIERTA,62,62,62,62,62,26,15,,,,,,,,,,,,,,,,,,,,,,,
I.0105,COMUNAS Y MUNICIPIOS,EL PATO RENATO,MUNICIPALIDAD DE RIO CUARTO,,ABIERTA,50,50,49,49,49,19,26,,,,,,,,,,,,,,,,,,,,,,,
I.0106,COMUNAS Y MUNICIPIOS,LA TORTUGA UGA,MUNICIPALIDAD DE RIO CUARTO,,ABIERTA,42,42,42,52,52,16,19,,,,,,,,,,,,,,,,,,,,,,,
C.0107,TERCER SECTOR CAPITAL,JUANA MANZO,7 DE MAYO DE 1919 ASOCIACIÓN CIVIL,,ABIERTA,87,86,84,84,59,67,16,,,,,,,,,,,,,,,,,,,,,,,
I.0108,COMUNAS Y MUNICIPIOS,PINOCHO,COMUNA DE ARROYO DE LOS PATOS,,ABIERTA,13,13,13,13,13,14,84,,,,,,,,,,,,,,,,,,,,,,,
I.0109,COMUNAS Y MUNICIPIOS,SEMILLITAS DEL CHAÑAR,MUNICIPALIDAD DE SAN FRANCISCO DEL CHAÑAR,,ABIERTA,35,35,35,35,35,21,14,,,,,,,,,,,,,,,,,,,,,,,
I.0110,COMUNAS Y MUNICIPIOS,LAS TORTUGUITAS,COMUNA DE LAS CALLES,,ABIERTA,9,9,9,9,9,8,21,,,,,,,,,,,,,,,,,,,,,,,
I.0111,COMUNAS Y MUNICIPIOS,RAYITO DE SOL,MUNICIPALIDAD DE EL TIO,,ABIERTA,53,47,47,47,47,42,8,,,,,,,,,,,,,,,,,,,,,,,
I.0112,COMUNAS Y MUNICIPIOS,PATITO FEO,MUNICIPALIDAD DE LA FRANCIA,,ABIERTA,16,16,16,16,16,12,46,,,,,,,,,,,,,,,,,,,,,,,
I.0113,COMUNAS Y MUNICIPIOS,PANAMBI,MUNICIPALIDAD DE DEVOTO,,ABIERTA,70,70,70,70,69,69,10,,,,,,,,,,,,,,,,,,,,,,,
I.0114,COMUNAS Y MUNICIPIOS,NUESTRA SEÑORA DE LA PAZ,MUNICIPALIDAD DE  NOETINGER,,ABIERTA,26,26,26,26,26,20,69,,,,,,,,,,,,,,,,,,,,,,,
I.0115,COMUNAS Y MUNICIPIOS,HOGAR INFANTIL MUNICIPAL,MUNICIPALIDAD DE CORRAL DE BUSTOS IFFLINGER,,ABIERTA,8,8,8,8,8,6,20,,,,,,,,,,,,,,,,,,,,,,,
I.0116,COMUNAS Y MUNICIPIOS,NUESTRO SUEÑO,MUNICIPALIDAD DE HUERTA GRANDE,,ABIERTA,27,27,27,27,27,20,6,,,,,,,,,,,,,,,,,,,,,,,
C.0117,TERCER SECTOR CAPITAL,EVITA,FUNDACIÓN DESARROLLO Y PROGRESO,,ABIERTA,63,66,69,69,53,62,27,,,,,,,,,,,,,,,,,,,,,,,
I.0118,COMUNAS Y MUNICIPIOS,FUTURO DE CIÉNAGA DEL CORO,COMUNA CIENAGA DEL CORO,,ABIERTA,39,39,39,39,39,27,62,,,,,,,,,,,,,,,,,,,,,,,
C.0119,TERCER SECTOR CAPITAL,MI SEGUNDO HOGAR,pendiente de asignación xq se dio de baja a la entidad,,CERRADA,CERRADA,CERRADA,CERRADA,CERRADA,CERRADA,CERRADA,28,,,,,,,,,,,,,,,,,,,,,,,
C.0120,TERCER SECTOR CAPITAL,EL ARCA DE NOÉ,MISIÓN AGAPE A LA NACIONES,,CERRADA,48,48,48,48,44,39,CERRADA,,,,,,,,,,,,,,,,,,,,,,,
I.0121,COMUNAS Y MUNICIPIOS,VIRGEN DEL VALLE,MUNICIPALIDAD DE CAÑADA DE LUQUE,,ABIERTA,30,30,30,30,30,15,37,,,,,,,,,,,,,,,,,,,,,,,
I.0122,COMUNAS Y MUNICIPIOS,BAMBI,MUNICIPALIDAD DE EL BRETE,,ABIERTA,25,25,25,25,25,19,15,,,,,,,,,,,,,,,,,,,,,,,
I.0123,COMUNAS Y MUNICIPIOS,CENTRO INTENDENTE ABRAHAM SEBALLES,MUNICIPALIDAD DE DEAN FUNES,,ABIERTA,28,28,28,28,28,23,19,,,,,,,,,,,,,,,,,,,,,,,
I.0124,COMUNAS Y MUNICIPIOS,CENTRO INTEGRADOR COMUNITARIO,MUNICIPALIDAD DE DEAN FUNES,,ABIERTA,17,17,17,17,17,9,23,,,,,,,,,,,,,,,,,,,,,,,
I.0125,COMUNAS Y MUNICIPIOS,VICTORINO ARMANDO FANÍN,MUNICIPALIDAD DE DEAN FUNES,,ABIERTA,20,20,20,20,20,17,9,,,,,,,,,,,,,,,,,,,,,,,
I.0126,COMUNAS Y MUNICIPIOS,LA COLMENA,MUNICIPALIDAD DE CRUZ DEL EJE,,ABIERTA,31,31,29,29,28,19,17,,,,,,,,,,,,,,,,,,,,,,,
I.0127,COMUNAS Y MUNICIPIOS,CANCIÓN DE CUNA,MUNICIPALIDAD DE CRUZ DEL EJE,,ABIERTA,29,29,28,28,28,16,19,,,,,,,,,,,,,,,,,,,,,,,
I.0128,COMUNAS Y MUNICIPIOS,BICHITO DE LUZ,MUNICIPALIDAD DE CRUZ DEL EJE,,ABIERTA,53,53,52,52,52,44,27,,,,,,,,,,,,,,,,,,,,,,,
I.0129,COMUNAS Y MUNICIPIOS,MI PESEBRE,MUNICIPALIDAD DE SALSACATE,,ABIERTA,37,37,37,37,37,23,44,,,,,,,,,,,,,,,,,,,,,,,
I.0130,COMUNAS Y MUNICIPIOS,SANTIAGO MONDINO,MUNICIPALIDAD DE SAN JOSÉ DE LA DORMIDA,,ABIERTA,50,50,50,50,50,50,23,,,,,,,,,,,,,,,,,,,,,,,
I.0131,COMUNAS Y MUNICIPIOS,LOS OLMOS,MUNICIPALIDAD DE VILLA NUEVA,,ABIERTA,35,35,35,35,35,21,50,,,,,,,,,,,,,,,,,,,,,,,
I.0132,COMUNAS Y MUNICIPIOS,SOLES,MUNICIPALIDAD DE RIO TERCERO,,ABIERTA,20,21,20,20,20,18,28,,,,,,,,,,,,,,,,,,,,,,,
C.0133,TERCER SECTOR CAPITAL,NIÑITO DIOS,LA RAZÓN DE NUESTRAS VIDAS ASOCIACIÓN CIVIL,,ABIERTA,51,51,51,51,48,55,25,,,,,,,,,,,,,,,,,,,,,,,
I.0134,COMUNAS Y MUNICIPIOS,PULGARCITO,MUNICIPALIDAD DE SEBASTIÁN ELCANO,,ABIERTA,18,18,17,17,17,6,59,,,,,,,,,,,,,,,,,,,,,,,
I.0135,COMUNAS Y MUNICIPIOS,MI PRINCIPITO,COMUNA DE LA HIGUERA,,ABIERTA,21,21,21,21,21,12,6,,,,,,,,,,,,,,,,,,,,,,,
I.0136,COMUNAS Y MUNICIPIOS,EVA PERÓN,VILLA DE MARIA DEL RIO SECO,,ABIERTA,27,27,27,27,27,23,12,,,,,,,,,,,,,,,,,,,,,,,
I.0137,COMUNAS Y MUNICIPIOS,CENTRO COMUNAL MIRYAM FERREYRA,MUNICIPALIDAD DE MINA CLAVERO,,ABIERTA,64,64,64,64,64,43,26,,,,,,,,,,,,,,,,,,,,,,,
I.0138,COMUNAS Y MUNICIPIOS,BOYERITO DE LA COCHA,MUNICIPALIDAD DE MINA CLAVERO,,ABIERTA,18,18,17,17,17,19,48,,,,,,,,,,,,,,,,,,,,,,,
I.0139,COMUNAS Y MUNICIPIOS,RAYITO DE SOL,MUNICIPALIDAD DE VILLA DEL TOTORAL,,ABIERTA,64,64,64,64,64,59,23,,,,,,,,,,,,,,,,,,,,,,,
I.0140,COMUNAS Y MUNICIPIOS,PRIMOR,MUNICIPALIDAD DE RIO PRIMERO,,ABIERTA,26,30,30,30,30,30,65,,,,,,,,,,,,,,,,,,,,,,,
I.0141,COMUNAS Y MUNICIPIOS,CENTRO DE APOYO AL NIÑO Y LA FAMILIA MIRNA MERLO,MUNICIPALIDAD DE VILLA HUIDOBRO,,ABIERTA,57,57,57,57,57,52,30,,,,,,,,,,,,,,,,,,,,,,,
C.0142,TERCER SECTOR CAPITAL,DEJANDO HUELLAS AL ANDAR,pendiente de asignación xq se dio de baja a la entidad,,CERRADA,CERRADA,CERRADA,CERRADA,CERRADA,CERRADA,CERRADA,52,,,,,,,,,,,,,,,,,,,,,,,
C.0143,TERCER SECTOR CAPITAL,MANITOS SUCIAS,MANITOS SUCIAS ASOCIACIÓN CIVIL,,CERRADA,60,60,60,60,60,48,CERRADA,,,,,,,,,,,,,,,,,,,,,,,
I.0144,COMUNAS Y MUNICIPIOS,EL CASTILLO,COMUNA DE LAS PLAYAS,,ABIERTA,21,21,21,21,21,17,44,,,,,,,,,,,,,,,,,,,,,,,
I.0145,COMUNAS Y MUNICIPIOS,CENTRO INFANTIL MUNICIPAL N°2,MUNICIPALIDAD DE VILLA CARLOS PAZ,,ABIERTA,68,68,68,68,68,43,20,,,,,,,,,,,,,,,,,,,,,,,
I.0146,COMUNAS Y MUNICIPIOS,CENTRO INFANTIL MUNICIPAL N°1,MUNICIPALIDAD DE VILLA CARLOS PAZ,,ABIERTA,49,49,49,49,48,41,48,,,,,,,,,,,,,,,,,,,,,,,
I.0147,COMUNAS Y MUNICIPIOS,CENTRO INFANTIL MUNICIPAL N°3,MUNICIPALIDAD DE VILLA CARLOS PAZ,,ABIERTA,66,66,66,66,66,52,44,,,,,,,,,,,,,,,,,,,,,,,
I.0148,COMUNAS Y MUNICIPIOS,CENTRO INFANTIL MUNICIPAL N°4,MUNICIPALIDAD DE VILLA CARLOS PAZ,,ABIERTA,58,58,58,58,57,44,57,,,,,,,,,,,,,,,,,,,,,,,
I.0149,COMUNAS Y MUNICIPIOS,CENTRO INFANTIL MUNICIPAL N°5,MUNICIPALIDAD DE VILLA CARLOS PAZ,,ABIERTA,78,78,78,78,78,68,54,,,,,,,,,,,,,,,,,,,,,,,
I.0150,COMUNAS Y MUNICIPIOS,CRECIENDO JUNTOS,MUNICIPALIDAD DE TANCACHA,,ABIERTA,12,12,11,11,11,9,68,,,,,,,,,,,,,,,,,,,,,,,
I.0151,COMUNAS Y MUNICIPIOS,PRESIDENTE PERÓN,MUNICIPALIDAD DE VICUÑA MACKENNA,,ABIERTA,60,60,60,60,60,60,9,,,,,,,,,,,,,,,,,,,,,,,
I.0152,COMUNAS Y MUNICIPIOS,EVA PERÓN,MUNICIPALIDAD DE LA CIUDAD SAN FRANCISCO,,ABIERTA,59,59,59,59,59,63,62,,,,,,,,,,,,,,,,,,,,,,,
I.0153,COMUNAS Y MUNICIPIOS,LA MILKA,MUNICIPALIDAD DE LA CIUDAD SAN FRANCISCO,,ABIERTA,37,37,37,37,37,20,63,,,,,,,,,,,,,,,,,,,,,,,
I.0154,COMUNAS Y MUNICIPIOS,PAULA ALBARRACÍN DE SARMIENTO,MUNICIPALIDAD DE LA CIUDAD SAN FRANCISCO,,ABIERTA,60,60,60,60,60,33,36,,,,,,,,,,,,,,,,,,,,,,,
I.0155,COMUNAS Y MUNICIPIOS,LA HORMIGUITA VIAJERA,MUNICIPALIDAD ALTOS DE CHIPIÓN,,ABIERTA,23,25,25,25,25,21,42,,,,,,,,,,,,,,,,,,,,,,,
I.0156,COMUNAS Y MUNICIPIOS,PASITOS,COMUNA DE SAN VICENTE,,ABIERTA,21,21,21,21,21,14,21,,,,,,,,,,,,,,,,,,,,,,,
C.0157,TERCER SECTOR CAPITAL,NIÑOS FELICES,pendiente de asignación xq se dio de baja a la entidad,,CERRADA,CERRADA,CERRADA,CERRADA,CERRADA,CERRADA,CERRADA,14,,,,,,,,,,,,,,,,,,,,,,,
C.0158,TERCER SECTOR CAPITAL,CRECIENDO JUNTOS,LEON XIII ASOCIACION CIVIL,,CERRADA,53,53,52,52,33,46,CERRADA,,,,,,,,,,,,,,,,,,,,,,,
C.0159,TERCER SECTOR CAPITAL,MARÍA AUXILIADORA,FUNDACIÓN BENDECIR,,ABIERTA,23,23,24,24,27,27,52,,,,,,,,,,,,,,,,,,,,,,,
C.0160,TERCER SECTOR CAPITAL,CIELITOS DEL SUR,GUARDERÍA CIELITOS DEL SUR,,ABIERTA,51,53,51,51,42,34,33,,,,,,,,,,,,,,,,,,,,,,,
C.0161,TERCER SECTOR CAPITAL,OJITOS DE ESPERANZA,pendiente de asignación xq se dio de baja a la entidad,,CERRADA,CERRADA,CERRADA,CERRADA,CERRADA,CERRADA,CERRADA,39,,,,,,,,,,,,,,,,,,,,,,,
C.0162,TERCER SECTOR CAPITAL,CE.CO.PAR.,CENTRO COMUNITARIO POR AMOR CE.CO.PAR,,CERRADA,87,87,87,87,88,86,CERRADA,,,,,,,,,,,,,,,,,,,,,,,
I.0163,COMUNAS Y MUNICIPIOS,LOS ENANITOS TRAVIESOS,MUNICIPALIDAD DE VILLA ASCASUBI,,ABIERTA,41,41,43,43,43,44,87,,,,,,,,,,,,,,,,,,,,,,,
C.0164,TERCER SECTOR CAPITAL,JARDÍN MATERNAL BELEN,PARROQUIA NUESTRA SEÑORA DEL TRABAJO,,ABIERTA,60,60,60,60,60,58,44,,,,,,,,,,,,,,,,,,,,,,,
C.0165,TERCER SECTOR CAPITAL,MIS POLLITOS,OJITOS DULCES ASOCIACIÓN CIVIL,,ABIERTA,62,62,62,62,62,63,58,,,,,,,,,,,,,,,,,,,,,,,
I.0166,COMUNAS Y MUNICIPIOS,CARITAS FELICES,MUNICIPALIDAD DE CANALS,,ABIERTA,18,18,18,18,18,18,64,,,,,,,,,,,,,,,,,,,,,,,
I.0167,COMUNAS Y MUNICIPIOS,CASA DEL NIÑO JESÚS MI MAESTRO,MUNICIPALIDAD DE ALEJO LEDESMA,,ABIERTA,29,29,29,29,29,24,19,,,,,,,,,,,,,,,,,,,,,,,
I.0168,COMUNAS Y MUNICIPIOS,FÁTIMA,MUNICIPALIDAD DE LAS VARILLAS,,ABIERTA,83,82,82,82,82,81,24,,,,,,,,,,,,,,,,,,,,,,,
I.0169,COMUNAS Y MUNICIPIOS,JUANITA CAMAÑO,MUNICIPALIDAD DE LA CUMBRE,,ABIERTA,19,19,19,19,19,23,81,,,,,,,,,,,,,,,,,,,,,,,
I.0170,COMUNAS Y MUNICIPIOS,EVA PERÓN,MUNICIPALIDAD DE CAPILLA DEL MONTE,,ABIERTA,70,70,69,69,70,70,34,,,,,,,,,,,,,,,,,,,,,,,
I.0171,COMUNAS Y MUNICIPIOS,ALITAS MÁGICAS,COMUNA DE LOS CEDROS,,ABIERTA,19,21,21,21,21,24,70,,,,,,,,,,,,,,,,,,,,,,,
C.0172,TERCER SECTOR CAPITAL,TESORO RESGUARDADO,ASOCIACIÓN CIVIL MUJERES UNIDAS Y EMPRENDEDORAS,,ABIERTA,57,67,68,68,65,63,30,,,,,,,,,,,,,,,,,,,,,,,
I.0173,TERCER SECTOR INTERIOR,MODOS ,ASOCIACION CIVIL MOVIMENTO DEL OESTE SOLIDARIO,,CERRADA,40,40,40,40,CERRADA,CERRADA,68,,,,,,,,,,,,,,,,,,,,,,,
I.0174,COMUNAS Y MUNICIPIOS,CRECIENDO JUNTOS,MUNICIPALIDAD DE SAN PEDRO,,CERRADA,30,30,30,30,30,12,CERRADA,,,,,,,,,,,,,,,,,,,,,,,
C.0175,TERCER SECTOR CAPITAL,ANGELES DE LUZ,COOPERATIVA DE VIVIENDA Y CONSUMO 12 DE ABRIL LIMITADA,,ABIERTA,45,45,45,45,44,44,12,,,,,,,,,,,,,,,,,,,,,,,
I.0176,COMUNAS Y MUNICIPIOS,GRACIELA CHELA VÁZQUEZ,MUNICIPALIDAD DE MONTE CRISTO,,ABIERTA,99,99,99,99,99,99,45,,,,,,,,,,,,,,,,,,,,,,,
C.0177,TERCER SECTOR CAPITAL,PEQUEÑOS GUERREROS,FUNDACIÓN MADRES INCANSABLES,,ABIERTA,40,45,45,45,50,50,99,,,,,,,,,,,,,,,,,,,,,,,
C.0178,TERCER SECTOR CAPITAL,CARICIAS DE BEBÉ,COOPERATIVA DE VIVIENDA Y CONSUMO 12 DE ABRIL LIMITADA,,ABIERTA,51,41,41,41,41,49,51,,,,,,,,,,,,,,,,,,,,,,,
C.0179,TERCER SECTOR CAPITAL,ARCO IRIS DE AVENTURA,AGRUPACIÓN POR LA LUCHA SAN MARTINIANA - ASOCIACIÓN CIVIL,,ABIERTA,58,58,54,54,50,53,49,,,,,,,,,,,,,,,,,,,,,,,
I.0180,COMUNAS Y MUNICIPIOS,CORAZONCITOS,MUNICIPALIDAD DE SEEBER,,ABIERTA,17,17,17,17,17,14,52,,,,,,,,,,,,,,,,,,,,,,,
I.0181,COMUNAS Y MUNICIPIOS,TOPO GIGIO,MUNICIPALIDAD DE MARULL,,ABIERTA,25,25,25,25,25,16,14,,,,,,,,,,,,,,,,,,,,,,,
C.0182,TERCER SECTOR CAPITAL,MANITOS CREATIVAS,ASOCIACIÓN CIVIL JÓVENES POR UN FUTURO MEJOR,,ABIERTA,30,28,29,29,29,37,17,,,,,,,,,,,,,,,,,,,,,,,
I.0183,COMUNAS Y MUNICIPIOS,BETANIA,MUNICIPALIDAD DE ALCIRA GIGENA,,ABIERTA,50,50,50,50,55,55,41,,,,,,,,,,,,,,,,,,,,,,,
I.0184,COMUNAS Y MUNICIPIOS,LOS BAJITOS,MUNICIPALIDAD DE BULNES,,ABIERTA,14,14,14,14,14,10,55,,,,,,,,,,,,,,,,,,,,,,,
I.0185,COMUNAS Y MUNICIPIOS,MIMITOS,MUNICIPALIDAD DE SATURNINO MARÍA LASPIUR,,ABIERTA,25,25,25,25,25,23,17,,,,,,,,,,,,,,,,,,,,,,,
I.0186,COMUNAS Y MUNICIPIOS,EL DUENDECILLO TRAVIESO,MUNICIPALIDAD DE ALICIA,,ABIERTA,17,17,17,17,17,14,23,,,,,,,,,,,,,,,,,,,,,,,
I.0187,COMUNAS Y MUNICIPIOS,INSTITUTO INTEGRAL DE PROTECCIÓN A LA NIÑEZ,MUNICIPALIDAD DE JESÚS MARÍA,,ABIERTA,80,83,83,83,83,46,21,,,,,,,,,,,,,,,,,,,,,,,
I.0188,COMUNAS Y MUNICIPIOS,MADRE TERESA DE CALCUTA,MUNICIPALIDAD DE JESÚS MARÍA,,ABIERTA,68,53,53,53,53,23,85,,,,,,,,,,,,,,,,,,,,,,,
I.0189,COMUNAS Y MUNICIPIOS,NUESTRA SEÑORA DE FÁTIMA,MUNICIPALIDAD DE JESÚS MARÍA,,ABIERTA,26,25,25,25,25,9,23,,,,,,,,,,,,,,,,,,,,,,,
I.0190,COMUNAS Y MUNICIPIOS,NUBES DE SUEÑOS,MUNICIPALIDAD DE SINSACATE,,ABIERTA,34,34,34,34,34,25,32,,,,,,,,,,,,,,,,,,,,,,,
I.0191,COMUNAS Y MUNICIPIOS,SOR GENOVEVA,MUNICIPALIDAD DE SERRANO,,ABIERTA,29,30,30,30,30,30,25,,,,,,,,,,,,,,,,,,,,,,,
I.0192,COMUNAS Y MUNICIPIOS,DRA. ALICIA MOREAU,MUNICIPALIDAD DE COSQUIN,,ABIERTA,30,31,30,30,30,30,26,,,,,,,,,,,,,,,,,,,,,,,
I.0193,COMUNAS Y MUNICIPIOS,EVITA,MUNICIPALIDAD DE COSQUIN,,ABIERTA,16,16,16,16,16,16,25,,,,,,,,,,,,,,,,,,,,,,,
I.0194,COMUNAS Y MUNICIPIOS,LOS HORNERITOS,MUNICIPALIDAD DE COSQUIN,,ABIERTA,15,17,17,17,17,17,16,,,,,,,,,,,,,,,,,,,,,,,
I.0195,COMUNAS Y MUNICIPIOS,PASITO A PASO,MUNICIPALIDAD DE CORONEL BAIGORRIA,,ABIERTA,49,48,48,48,50,50,18,,,,,,,,,,,,,,,,,,,,,,,
C.0196,TERCER SECTOR CAPITAL,CENTRO EDUCATIVO HEIDI,COOPERATIVA DE VIVIENDA CRÉDITO Y CONSUMO Y OBRAS Y SERVICIOS PÚBLICOS 12 DE ENERO,,ABIERTA,68,66,66,66,65,69,50,,,,,,,,,,,,,,,,,,,,,,,
I.0197,COMUNAS Y MUNICIPIOS,ESPERANZA,MUNICIPALIDAD DE FREYRE,,ABIERTA,23,23,23,23,23,22,70,,,,,,,,,,,,,,,,,,,,,,,
I.0198,COMUNAS Y MUNICIPIOS,RINCÓN DE ESPERANZA,MUNICIPALIDAD DE BRINKMANN,,ABIERTA,65,65,65,65,65,65,22,,,,,,,,,,,,,,,,,,,,,,,
I.0199,COMUNAS Y MUNICIPIOS,RINCONCITO ALEGRE,MUNICIPALIDAD DE GENERAL DEHEZA,,ABIERTA,65,65,65,65,65,46,65,,,,,,,,,,,,,,,,,,,,,,,
C.0200,TERCER SECTOR CAPITAL,EL VAGÓN FELÍZ,CENTRO COMUNITARIO EL VAGÓN ASOCIACIÓN CIVIL,,ABIERTA,54,53,53,53,46,54,46,,,,,,,,,,,,,,,,,,,,,,,
C.0201,TERCER SECTOR CAPITAL,MBOTÓ-MBOTÓ,CAMOATI ASOCIACIÓN CIVIL,,ABIERTA,28,36,36,36,44,44,56,,,,,,,,,,,,,,,,,,,,,,,
C.0202,TERCER SECTOR CAPITAL,LOS PIMPOLLOS,CONSTRUYENDO FUTURO (ASOCIACIÓN CIVIL),,ABIERTA,51,50,50,50,50,48,40,,,,,,,,,,,,,,,,,,,,,,,
I.0203,COMUNAS Y MUNICIPIOS,MARIA ELENA WALSH,MUNICIPALIDAD DE MONTE BUEY,,ABIERTA,42,42,42,42,42,34,48,,,,,,,,,,,,,,,,,,,,,,,
I.0204,COMUNAS Y MUNICIPIOS,PAJARITOS A VOLAR,MUNICIPALIDAD DE PORTEÑA,,ABIERTA,64,63,62,62,63,56,34,,,,,,,,,,,,,,,,,,,,,,,
I.0205,COMUNAS Y MUNICIPIOS,ARCO IRIS,MUNICIPALIDAD DE LA CALERA,,ABIERTA,33,33,33,33,33,34,56,,,,,,,,,,,,,,,,,,,,,,,
C.0206,TERCER SECTOR CAPITAL,REALIZANDO SUEÑOS,FUNDACIÓN REALIZANDO SUEÑOS,,ABIERTA,35,35,35,35,30,32,36,,,,,,,,,,,,,,,,,,,,,,,
I.0207,COMUNAS Y MUNICIPIOS,LOS PAQUITOS,MUNICIPALIDAD DE LA PAQUITA,,ABIERTA,17,17,17,17,23,18,35,,,,,,,,,,,,,,,,,,,,,,,
I.0208,COMUNAS Y MUNICIPIOS,REGALO DE DIOS,MUNICIPALIDAD DE OBISPO TREJO,,ABIERTA,20,19,19,19,22,17,18,,,,,,,,,,,,,,,,,,,,,,,
C.0209,TERCER SECTOR CAPITAL,DIENTE DE LECHE,COOPERATIVA DE VIVIENDA Y CONSUMO UNIÓN ALTOS DE YAPEYÚ LTDA.,,ABIERTA,37,39,37,37,36,34,19,,,,,,,,,,,,,,,,,,,,,,,
C.0210,TERCER SECTOR CAPITAL,MUCOMBO,BENJAMINOS - ASOCIACIÓN CIVIL,,ABIERTA,53,60,60,60,60,59,36,,,,,,,,,,,,,,,,,,,,,,,
I.0211,COMUNAS Y MUNICIPIOS,ROSA GUARÚ,MUNICIPALIDAD DE POZO DEL MOLLE,,ABIERTA,36,39,39,39,39,33,59,,,,,,,,,,,,,,,,,,,,,,,
I.0212,COMUNAS Y MUNICIPIOS,DIVINO NIÑO,MUNICIPALIDAD DE DESPEÑADEROS,,ABIERTA,40,40,40,40,40,42,32,,,,,,,,,,,,,,,,,,,,,,,
I.0213,COMUNAS Y MUNICIPIOS,MUNICIPAL,MUNICIPALIDAD DE ALMAFUERTE,,ABIERTA,31,33,33,33,33,34,42,,,,,,,,,,,,,,,,,,,,,,,
I.0214,COMUNAS Y MUNICIPIOS,PASITO A PASITO,MUNICIPALIDAD DE CHAJÁN,,ABIERTA,20,20,20,20,20,11,34,,,,,,,,,,,,,,,,,,,,,,,
C.0215,TERCER SECTOR CAPITAL,PINTANDO CAMINOS,PINTANDO CAMINOS - ASOCIACIÓN CIVIL,,ABIERTA,60,57,55,55,53,55,17,,,,,,,,,,,,,,,,,,,,,,,
I.0216,COMUNAS Y MUNICIPIOS,SONRISAS,MUNICIPALIDAD DE LOS SURGENTES,,ABIERTA,40,40,40,40,40,39,53,,,,,,,,,,,,,,,,,,,,,,,
I.0217,COMUNAS Y MUNICIPIOS,DUENDECITOS,MUNICIPALIDAD DE CRUZ ALTA,,ABIERTA,17,24,24,24,24,30,39,,,,,,,,,,,,,,,,,,,,,,,
I.0218,COMUNAS Y MUNICIPIOS,EVITA,MUNICIPALIDAD DE MANFREDI,,ABIERTA,11,11,11,11,11,4,22,,,,,,,,,,,,,,,,,,,,,,,
I.0219,COMUNAS Y MUNICIPIOS,CONSTANCIO VIGIL,MUNICIPALIDAD DE BELL VILLE,,ABIERTA,34,34,34,34,34,29,4,,,,,,,,,,,,,,,,,,,,,,,
C.0220,TERCER SECTOR CAPITAL,DULCES CARICIAS,DULCE CARICIA ASOCIACIÓN CIVIL,,ABIERTA,55,55,55,55,53,55,29,,,,,,,,,,,,,,,,,,,,,,,
C.0221,TERCER SECTOR CAPITAL,DUENDE SALTARIN,GRUPO DE TRABAJO COMUNITARIO  (Asociación Civil),,ABIERTA,28,28,28,28,27,28,55,,,,,,,,,,,,,,,,,,,,,,,
C.0222,TERCER SECTOR CAPITAL,FUNDACIÓN CIELO,FUNDACIÓN C.I.E.L.O. CORAZONES ILUMINANDO EN LA OSCURIDAD,,CERRADA,35,35,35,35,CERRADA,CERRADA,30,,,,,,,,,,,,,,,,,,,,,,,
I.0223,COMUNAS Y MUNICIPIOS,ANGEL DE LA GUARDA,MUNICIPALIDAD DE LA CESIRA,,CERRADA,42,42,42,42,42,33,CERRADA,,,,,,,,,,,,,,,,,,,,,,,
I.0224,COMUNAS Y MUNICIPIOS,CAMPANITAS,MUNICIPALIDAD DE LA CALERA,,ABIERTA,37,37,37,37,37,32,41,,,,,,,,,,,,,,,,,,,,,,,
I.0225,COMUNAS Y MUNICIPIOS,PEQUEÑAS HUELLAS,MUNICIPALIDAD DE MALAGUEÑO,,ABIERTA,80,80,80,80,80,42,34,,,,,,,,,,,,,,,,,,,,,,,
I.0226,COMUNAS Y MUNICIPIOS,MAMITA MARÍA,MUNICIPALIDAD DE MALAGUEÑO,,ABIERTA,55,55,55,55,55,13,72,,,,,,,,,,,,,,,,,,,,,,,
I.0227,COMUNAS Y MUNICIPIOS,BARQUITO DE PAPEL,MUNICIPALIDAD DE MALAGUEÑO,,ABIERTA,21,21,21,21,21,21,54,,,,,,,,,,,,,,,,,,,,,,,
I.0228,COMUNAS Y MUNICIPIOS,PERLITAS DE COLORES,MUNICIPALIDAD DE MALAGUEÑO,,ABIERTA,14,14,14,14,14,9,22,,,,,,,,,,,,,,,,,,,,,,,
I.0229,COMUNAS Y MUNICIPIOS,MUNDO DE GARABATOS,MUNICIPALIDAD DE MALAGUEÑO,,ABIERTA,18,18,18,18,18,18,9,,,,,,,,,,,,,,,,,,,,,,,
I.0230,COMUNAS Y MUNICIPIOS,DIVINO NIÑO,COMUNA DE VILLA LA BOLSA,,ABIERTA,23,20,20,20,20,20,18,,,,,,,,,,,,,,,,,,,,,,,
C.0231,TERCER SECTOR CAPITAL,CARITAS FELICES,CÓRDOBA PRODUCTIVA EDUCATIVA Y SOLIDARIA ASOCIACIÓN CIVIL,,ABIERTA,59,49,49,49,49,43,21,,,,,,,,,,,,,,,,,,,,,,,
C.0232,TERCER SECTOR CAPITAL,SUEÑOS DORADOS,ASOCIACIÓN CIVIL PARA EL DISCAPACITADO Y FAMILIA LUZ DE ESPERANZA,,ABIERTA,49,44,44,44,43,48,57,,,,,,,,,,,,,,,,,,,,,,,
I.0233,TERCER SECTOR INTERIOR,ALITAS DE AMOR,VILLA MAINE ASOCIACION CIVIL,,ABIERTA,41,41,39,39,39,26,48,,,,,,,,,,,,,,,,,,,,,,,
I.0234,COMUNAS Y MUNICIPIOS,DOÑA MAGDALENA,MUNICIPALIDAD DE CAMILO ALDAO,,ABIERTA,28,28,28,28,28,6,26,,,,,,,,,,,,,,,,,,,,,,,
I.0235,COMUNAS Y MUNICIPIOS,BURBUJITAS,MUNICIPALIDAD DE JUSTINIANO POSSE,,ABIERTA,14,14,15,15,15,12,6,,,,,,,,,,,,,,,,,,,,,,,
I.0236,COMUNAS Y MUNICIPIOS,CAMINEMOS JUNTOS,MUNICIPALIDAD DE ORDOÑEZ,,ABIERTA,35,35,35,35,35,35,12,,,,,,,,,,,,,,,,,,,,,,,
I.0237,COMUNAS Y MUNICIPIOS,DUENDECITOS TRAVIESOS,MUNICIPALIDAD DE TOLEDO,,ABIERTA,30,30,30,30,30,30,35,,,,,,,,,,,,,,,,,,,,,,,
I.0238,COMUNAS Y MUNICIPIOS,AGUAS CLARAS,MUNICIPALIDAD DE UNQUILLO,,ABIERTA,47,46,49,49,49,20,30,,,,,,,,,,,,,,,,,,,,,,,
I.0239,COMUNAS Y MUNICIPIOS,LARGUIRUCHO,MUNICIPALIDAD DE SAN JOSÉ,,ABIERTA,34,34,34,34,34,26,20,,,,,,,,,,,,,,,,,,,,,,,
I.0240,TERCER SECTOR INTERIOR,ALAS DE MARIPOSA,SINDICATO DE AMAS DE CASA ASOCIACION CIVIL,,ABIERTA,57,57,57,57,57,45,26,,,,,,,,,,,,,,,,,,,,,,,
I.0241,COMUNAS Y MUNICIPIOS,TÍA MARÍA ELENA,MUNICIPALIDAD DE ESTACIÓN GENERAL PAZ,,ABIERTA,23,28,28,28,28,16,46,,,,,,,,,,,,,,,,,,,,,,,
C.0242,TERCER SECTOR CAPITAL,CORAZONES DORADOS,ASOCIACIÓN CIVIL FUERZA SOLIDARIA (FUSOL),,ABIERTA,33,33,33,33,34,34,16,,,,,,,,,,,,,,,,,,,,,,,
I.0243,COMUNAS Y MUNICIPIOS,LA HORMIGUITA VIAJERA,MUNICIPALIDAD DE SERREZUELA,,ABIERTA,31,31,31,31,31,26,34,,,,,,,,,,,,,,,,,,,,,,,
I.0244,TERCER SECTOR INTERIOR,LOS 6 PATITOS,TRIGO Y MIEL ASOCIACION CIVIL,,ABIERTA,67,67,67,67,67,67,26,,,,,,,,,,,,,,,,,,,,,,,
C.0245,TERCER SECTOR CAPITAL,MIGUITAS DE PAN,SERVICIO EN PROMOCIÓN HUMANA,,ABIERTA,23,23,21,21,21,24,67,,,,,,,,,,,,,,,,,,,,,,,
C.0246,TERCER SECTOR CAPITAL,RAYITO DE SOL,SERVICIO EN PROMOCIÓN HUMANA,,ABIERTA,43,39,39,39,36,35,23,,,,,,,,,,,,,,,,,,,,,,,
I.0247,COMUNAS Y MUNICIPIOS,NUBECITA DE PAPEL,COMUNA VILLA CIUDAD DE AMÉRICA,,ABIERTA,17,18,18,18,18,12,31,,,,,,,,,,,,,,,,,,,,,,,
I.0248,COMUNAS Y MUNICIPIOS,GRILLITO FELÍZ,COMUNA DE SAN ROQUE,,ABIERTA,28,29,29,29,29,24,16,,,,,,,,,,,,,,,,,,,,,,,
I.0249,COMUNAS Y MUNICIPIOS,TARZANITO,MUNICIPALIDAD DE CRUZ DEL EJE,,ABIERTA,41,41,41,41,41,20,26,,,,,,,,,,,,,,,,,,,,,,,
I.0250,COMUNAS Y MUNICIPIOS,TROMPITA,MUNICIPALIDAD DE CRUZ DEL EJE,,ABIERTA,30,30,30,30,0,28,20,,,,,,,,,,,,,,,,,,,,,,,
I.0251,COMUNAS Y MUNICIPIOS,17 DE OCTUBRE,MUNICIPALIDAD DE CORONEL MOLDES,,ABIERTA,40,40,40,40,39,29,28,,,,,,,,,,,,,,,,,,,,,,,
C.0252,TERCER SECTOR CAPITAL,APRENDEMOS JUGANDO,FUNDACIÓN VICENTINA,,ABIERTA,50,50,50,50,40,40,29,,,,,,,,,,,,,,,,,,,,,,,
I.0253,COMUNAS Y MUNICIPIOS,BICHITO DE LUZ,MUNICIPALIDAD DE MENDIOLAZA,,ABIERTA,24,27,25,25,25,25,40,,,,,,,,,,,,,,,,,,,,,,,
I.0254,COMUNAS Y MUNICIPIOS,MADRE TERESA DE CALCUTA,MUNICIPALIDAD DE EMBALSE,,ABIERTA,14,18,17,17,17,14,25,,,,,,,,,,,,,,,,,,,,,,,
I.0255,COMUNAS Y MUNICIPIOS,EVA PERÓN,MUNICIPALIDAD DE VILLA RUMIPAL,,ABIERTA,26,26,26,26,26,25,14,,,,,,,,,,,,,,,,,,,,,,,
C.0256,TERCER SECTOR CAPITAL,CORAZÓN ABIERTO - CORONEL OLMEDO,ASOCIACIÓN CIVIL CORAZÓN ABIERTO,,ABIERTA,60,60,60,60,57,61,25,,,,,,,,,,,,,,,,,,,,,,,
I.0257,COMUNAS Y MUNICIPIOS,BICHITO DE LUZ,MUNICIPALIDAD DE VILLA VALERIA,,ABIERTA,43,43,43,43,43,45,61,,,,,,,,,,,,,,,,,,,,,,,
I.0258,COMUNAS Y MUNICIPIOS,LAS ABEJITAS,MUNICIPALIDAD DE LAS PERDICES,,ABIERTA,28,28,28,28,40,38,47,,,,,,,,,,,,,,,,,,,,,,,
I.0259,COMUNAS Y MUNICIPIOS,AGUAS CLARAS FORCHIERI,MUNICIPALIDAD DE UNQUILLO,,ABIERTA,31,32,32,32,32,11,38,,,,,,,,,,,,,,,,,,,,,,,
I.0260,COMUNAS Y MUNICIPIOS,ARCO IRIS,pendiente de asignación xq se dio de baja a la entidad,,CERRADA,CERRADA,CERRADA,CERRADA,CERRADA,CERRADA,CERRADA,11,,,,,,,,,,,,,,,,,,,,,,,
C.0261,TERCER SECTOR CAPITAL,PASITOS DE TERNURA,SOMOS EL FUTURO ASOCIACIÓN CIVIL,,CERRADA,50,43,44,44,42,42,CERRADA,,,,,,,,,,,,,,,,,,,,,,,
C.0262,TERCER SECTOR CAPITAL,CORAZÓN ABIERTO - CÁRCANO,pendiente de asignación xq se dio de baja a la entidad,,CERRADA,CERRADA,CERRADA,CERRADA,CERRADA,CERRADA,CERRADA,45,,,,,,,,,,,,,,,,,,,,,,,
I.0263,COMUNAS Y MUNICIPIOS,DIENTITO FLOJO,MUNICIPALIDAD DE SALDAN,,CERRADA,11,10,10,10,10,14,CERRADA,,,,,,,,,,,,,,,,,,,,,,,
I.0264,COMUNAS Y MUNICIPIOS,SEMILLITAS DE AMOR,MUNICIPALIDAD DE SAMPACHO,,ABIERTA,88,88,88,88,88,103,11,,,,,,,,,,,,,,,,,,,,,,,
I.0265,COMUNAS Y MUNICIPIOS,RAYITO DE SOL,MUNICIPALIDAD DE HUANCHILLA,,ABIERTA,18,18,18,18,18,16,115,,,,,,,,,,,,,,,,,,,,,,,
C.0266,TERCER SECTOR CAPITAL,GUA-GUA HUASI,CASA DEL PUEBLO UNIÓN POR LOS DERECHOS HUMANOS ASOCIACIÓN CIVIL,,ABIERTA,60,59,59,59,60,60,19,,,,,,,,,,,,,,,,,,,,,,,
I.0267,COMUNAS Y MUNICIPIOS,RINCÓN DE LUZ,COMUNA DE VILLA LOS AROMOS,,ABIERTA,21,21,22,22,22,21,61,,,,,,,,,,,,,,,,,,,,,,,
I.0268,COMUNAS Y MUNICIPIOS,ESTRELLITAS DE COLORES,COMUNA DE POTRERO DE GARAY,,ABIERTA,20,17,17,17,17,17,24,,,,,,,,,,,,,,,,,,,,,,,
I.0269,COMUNAS Y MUNICIPIOS,SUEÑOS DE COLORES,MUNICIPALIDAD DE LA CARLOTA,,ABIERTA,19,17,17,17,17,15,16,,,,,,,,,,,,,,,,,,,,,,,
I.0270,COMUNAS Y MUNICIPIOS,MANOS TRAVIESAS,MUNICIPALIDAD DE LA CARLOTA,,ABIERTA,18,16,16,16,17,17,17,,,,,,,,,,,,,,,,,,,,,,,
I.0271,COMUNAS Y MUNICIPIOS,GOTITA DE LUZ,MUNICIPALIDAD DE LA CARLOTA,,ABIERTA,19,19,19,19,19,15,16,,,,,,,,,,,,,,,,,,,,,,,
I.0272,COMUNAS Y MUNICIPIOS,MIS MANITOS,MUNICIPALIDAD DE VILLA CURA BROCHERO,,ABIERTA,29,29,29,29,29,25,14,,,,,,,,,,,,,,,,,,,,,,,
I.0273,COMUNAS Y MUNICIPIOS,EVITA,MUNICIPALIDAD DE VILLA CURA BROCHERO,,ABIERTA,25,25,25,25,25,24,25,,,,,,,,,,,,,,,,,,,,,,,
I.0274,COMUNAS Y MUNICIPIOS,ELENA FERRANDO,COMUNA DE LOS REARTES,,ABIERTA,40,40,40,40,40,32,24,,,,,,,,,,,,,,,,,,,,,,,
I.0275,COMUNAS Y MUNICIPIOS,CARITAS FELICES,MUNICIPALIDAD DE BALNEARIA,,ABIERTA,65,65,65,65,64,41,37,,,,,,,,,,,,,,,,,,,,,,,
I.0276,COMUNAS Y MUNICIPIOS,TROCITOS DE CARAMELO,MUNICIPALIDAD DE ALTA GRACIA,,ABIERTA,,,15,15,24,24,41,,,,,,,,,,,,,,,,,,,,,,,
I.0277,COMUNAS Y MUNICIPIOS,PADRE BUTELER,MUNICIPALIDAD DE ALTA GRACIA,,ABIERTA,58,58,60,60,60,53,24,,,,,,,,,,,,,,,,,,,,,,,
I.0278,COMUNAS Y MUNICIPIOS,ABEJITAS,MUNICIPALIDAD DE ALTA GRACIA,,ABIERTA,24,24,25,25,25,23,58,,,,,,,,,,,,,,,,,,,,,,,
I.0279,COMUNAS Y MUNICIPIOS,ARROZ CON LECHE,COMUNA VILLA DEL PRADO,,ABIERTA,27,27,27,27,27,17,23,,,,,,,,,,,,,,,,,,,,,,,
I.0280,COMUNAS Y MUNICIPIOS,MIS PRIMEROS PASOS,COMUNA VILLA DEL PRADO,,ABIERTA,13,13,13,13,13,12,22,,,,,,,,,,,,,,,,,,,,,,,
C.0281,TERCER SECTOR CAPITAL,MIS BICHITOS DE LUZ,LA RAZÓN DE NUESTRAS VIDAS ASOCIACIÓN CIVIL,,ABIERTA,51,52,52,52,54,44,13,,,,,,,,,,,,,,,,,,,,,,,
I.0282,COMUNAS Y MUNICIPIOS,SANTA MARIA MICAELA,MUNICIPALIDAD DE VILLA MARIA,,ABIERTA,37,37,37,37,37,34,48,,,,,,,,,,,,,,,,,,,,,,,
I.0283,TERCER SECTOR INTERIOR,CASA MAGICA,FUNDACION MAMA SOLIDARIA,,ABIERTA,55,55,54,54,54,42,37,,,,,,,,,,,,,,,,,,,,,,,
I.0284,COMUNAS Y MUNICIPIOS,LOS PEQUES DEL CENTRAL,MUNICIPALIDAD DE LAS VARILLAS,,ABIERTA,11,29,29,29,30,30,49,,,,,,,,,,,,,,,,,,,,,,,
I.0285,COMUNAS Y MUNICIPIOS,RAYITO DE LUZ,MUNICIPALIDAD DE VILLA DE LAS ROSAS,,CERRADA,CERRADA,CERRADA,CERRADA,CERRADA,CERRADA,CERRADA,30,,,,,,,,,,,,,,,,,,,,,,,
C.0286,TERCER SECTOR CAPITAL,CASITA DE PAPEL,DADA DE BAJA,,CERRADA,CERRADA,CERRADA,CERRADA,CERRADA,CERRADA,CERRADA,CERRADA,,,,,,,,,,,,,,,,,,,,,,,
I.0287,COMUNAS Y MUNICIPIOS,ANISACATE,MUNICIPALIDAD DE ANISACATE,,CERRADA,48,48,46,46,46,44,CERRADA,,,,,,,,,,,,,,,,,,,,,,,
I.0288,COMUNAS Y MUNICIPIOS,GABRIELA MISTRAL,MUNICIPALIDAD DE ALTA GRACIA,,ABIERTA,19,19,27,27,,28,48,,,,,,,,,,,,,,,,,,,,,,,
I.0289,COMUNAS Y MUNICIPIOS,SANTA CLARA,MUNICIPALIDAD DE RIO CUARTO,,ABIERTA,48,48,47,47,47,21,28,,,,,,,,,,,,,,,,,,,,,,,
I.0290,COMUNAS Y MUNICIPIOS,BARRIO MAYTHE,MUNICIPALIDAD DE MINA CLAVERO,,ABIERTA,31,31,31,31,31,27,21,,,,,,,,,,,,,,,,,,,,,,,
I.0291,COMUNAS Y MUNICIPIOS,DR CARLOS REMORINO,MUNICIPALIDAD DE ONCATIVO,,ABIERTA,24,24,24,24,24,22,31,,,,,,,,,,,,,,,,,,,,,,,
I.0292,TERCER SECTOR INTERIOR,SEMILLITAS,FUNDACION PROTEGER,,ABIERTA,49,50,49,49,49,48,22,,,,,,,,,,,,,,,,,,,,,,,
I.0293,COMUNAS Y MUNICIPIOS,HORMIGUITAS VIAJERAS,MUNICIPALIDAD DE TOLEDO,,CERRADA,CERRADA,CERRADA,CERRADA,CERRADA,CERRADA,CERRADA,49,,,,,,,,,,,,,,,,,,,,,,,
I.0294,TERCER SECTOR INTERIOR,MODOS 2,ASOCIACION CIVIL MOVIMENTO DEL OESTE SOLIDARIO,,CERRADA,15,15,15,15,CERRADA,CERRADA,CERRADA,,,,,,,,,,,,,,,,,,,,,,,
I.0295,COMUNAS Y MUNICIPIOS,PATITO FEO,MUNICIPALIDAD DE ETRURIA,,CERRADA,42,42,42,42,41,42,CERRADA,,,,,,,,,,,,,,,,,,,,,,,
I.0296,COMUNAS Y MUNICIPIOS,LOS GRANJERITOS,MUNICIPALIDAD DE LA GRANJA,,ABIERTA,38,38,38,38,38,30,42,,,,,,,,,,,,,,,,,,,,,,,
I.0297,COMUNAS Y MUNICIPIOS,OSITOS CARIÑOSOS,COMUNA LAS CALERAS,,ABIERTA,10,10,10,10,10,10,30,,,,,,,,,,,,,,,,,,,,,,,
C.0298,TERCER SECTOR CAPITAL,ARCO IRIS DE TRAVESURAS,NUESTRA CÓRDOBA SOLIDARIA ASOCIACIÓN CIVIL,,ABIERTA,35,41,41,41,32,32,10,,,,,,,,,,,,,,,,,,,,,,,
I.0299,COMUNAS Y MUNICIPIOS,EVELINA FERAUDO,MUNICIPALIDAD DE LA CIUDAD SAN FRANCISCO,,ABIERTA,27,27,27,27,27,24,32,,,,,,,,,,,,,,,,,,,,,,,
C.0300,TERCER SECTOR CAPITAL,ESPACIO DE LOS WAWAS,ASOCIACIÓN CIVIL CORAZONES FELICES,,ABIERTA,40,42,42,42,42,42,24,,,,,,,,,,,,,,,,,,,,,,,
I.0301,COMUNAS Y MUNICIPIOS,SEMILLITAS DE GIRASOL,COMUNA DE RAFAEL GARCIA,,ABIERTA,22,22,22,22,22,17,42,,,,,,,,,,,,,,,,,,,,,,,
I.0302,TERCER SECTOR INTERIOR,LECHE Y MIEL,FUNDACION CE.ED.IN. CENTRO EDUCATIVO INTEGRAL VILLA DEL ROSARIO,,ABIERTA,41,41,41,41,41,41,17,,,,,,,,,,,,,,,,,,,,,,,
C.0303,TERCER SECTOR CAPITAL,REALIZANDO SUEÑOS II,FUNDACIÓN REALIZANDO SUEÑOS,,ABIERTA,34,36,36,36,36,35,41,,,,,,,,,,,,,,,,,,,,,,,
C.0304,TERCER SECTOR CAPITAL,SONRISAS FELICES,DADA DE BAJA,,CERRADA,CERRADA,CERRADA,CERRADA,CERRADA,CERRADA,CERRADA,35,,,,,,,,,,,,,,,,,,,,,,,
C.0305,TERCER SECTOR CAPITAL,AQUALUNA,pendiente de asignación xq se dio de baja a la entidad,,CERRADA,CERRADA,CERRADA,CERRADA,CERRADA,CERRADA,CERRADA,CERRADA,,,,,,,,,,,,,,,,,,,,,,,
C.0306,TERCER SECTOR CAPITAL,PECOSITOS,FUNDACIÓN MADRES INCANSABLES,,CERRADA,46,46,48,48,38,43,CERRADA,,,,,,,,,,,,,,,,,,,,,,,
C.0307,TERCER SECTOR CAPITAL,MI DULCE NIDITO,ASOCIACIÓN CIVIL PARA EL DISCAPACITADO Y FAMILIA LUZ DE ESPERANZA,,ABIERTA,50,50,50,50,46,49,42,,,,,,,,,,,,,,,,,,,,,,,
C.0308,TERCER SECTOR CAPITAL,ALMA MIA,CAMINOS SOLIDARIOS ASOCIACIÓN CIVIL,,ABIERTA,31,34,34,34,32,39,49,,,,,,,,,,,,,,,,,,,,,,,
C.0309,TERCER SECTOR CAPITAL,TUS MANOS MIS MANOS UN MUNDO MEJOR,REFERENTE FABIAN (PAQUITO) SALA SUSPENDIDAPOR RESOLUC. POR EL MOMENTO,,CERRADA,CERRADA,CERRADA,CERRADA,CERRADA,CERRADA,CERRADA,43,,,,,,,,,,,,,,,,,,,,,,,
I.0310,COMUNAS Y MUNICIPIOS,LA CIGARRA,MUNICIPALIDAD DE CAVANAGH,,CERRADA,28,28,28,28,28,22,CERRADA,,,,,,,,,,,,,,,,,,,,,,,
C.0311,TERCER SECTOR CAPITAL,POROTITOS,ASOCIACIÓN CIVIL APRENDIENDO A VOLAR SOLOS,,ABIERTA,50,50,50,50,49,50,25,,,,,,,,,,,,,,,,,,,,,,,
I.0312,COMUNAS Y MUNICIPIOS,MADRE TERESA DE CALCUTA,MUNICIPALIDAD DE MALVINAS ARGENTINAS,,ABIERTA,26,26,25,25,25,23,49,,,,,,,,,,,,,,,,,,,,,,,
I.0313,TERCER SECTOR INTERIOR,CARITAS FELICES,SINDICATO DE AMAS DE CASA ASOCIACION CIVIL,,ABIERTA,40,41,41,41,41,42,31,,,,,,,,,,,,,,,,,,,,,,,
I.0314,COMUNAS Y MUNICIPIOS,EL PATITO FEO,MUNICIPALIDAD DE LAGUNA LARGA,,ABIERTA,19,19,19,19,19,10,42,,,,,,,,,,,,,,,,,,,,,,,
C.0315,TERCER SECTOR CAPITAL,CRECIENDO ENTRE MIMOS,OJITOS DULCES ASOCIACIÓN CIVIL,,ABIERTA,57,60,59,59,54,52,25,,,,,,,,,,,,,,,,,,,,,,,
I.0316,COMUNAS Y MUNICIPIOS,LAS NARANJITAS TRAVIESAS,MUNICIPALIDAD DE COLONIA ALMADA,,ABIERTA,10,10,10,10,10,12,54,,,,,,,,,,,,,,,,,,,,,,,
I.0317,COMUNAS Y MUNICIPIOS,CORDERITOS SALTARINES,MUNICIPALIDAD DE TANTI,,ABIERTA,30,30,30,30,29,29,12,,,,,,,,,,,,,,,,,,,,,,,
C.0318,TERCER SECTOR CAPITAL,RINCONCITO MÁGICO,ASOCIACIÓN CIVIL PRESENTE FUTURO,,ABIERTA,60,60,59,59,60,60,30,,,,,,,,,,,,,,,,,,,,,,,
C.0319,TERCER SECTOR CAPITAL,ARCO IRIS DE ILUSIÓN,NUESTRA CÓRDOBA SOLIDARIA ASOCIACIÓN CIVIL,,ABIERTA,50,50,49,49,43,51,62,,,,,,,,,,,,,,,,,,,,,,,
I.0320,COMUNAS Y MUNICIPIOS,CENTRO DE APOYO AL NIÑO Y LA FAMILIA,MUNICIPALIDAD DE HERNANDO,,ABIERTA,20,20,22,22,23,23,52,,,,,,,,,,,,,,,,,,,,,,,
I.0321,COMUNAS Y MUNICIPIOS,BURBUJITAS DE COLORES,MUNICIPALIDAD DE ALTO ALEGRE,,ABIERTA,27,27,27,27,27,20,22,,,,,,,,,,,,,,,,,,,,,,,
I.0322,COMUNAS Y MUNICIPIOS,SOLES II,MUNICIPALIDAD DE RIO TERCERO,,ABIERTA,15,15,15,15,15,14,24,,,,,,,,,,,,,,,,,,,,,,,
I.0323,COMUNAS Y MUNICIPIOS,MADRE CATALINA,MUNICIPALIDAD DE EMBALSE,,ABIERTA,26,27,26,26,26,25,17,,,,,,,,,,,,,,,,,,,,,,,
I.0324,COMUNAS Y MUNICIPIOS,MIS PRIMEROS PASITOS,COMUNA DE LA CUMBRECITA,,ABIERTA,29,31,31,31,31,29,25,,,,,,,,,,,,,,,,,,,,,,,
I.0325,COMUNAS Y MUNICIPIOS,RINCON MAGICO,MUNICIPALIDAD DE SANTA ROSA DE CALAMUCHITA,,ABIERTA,40,41,41,41,41,31,30,,,,,,,,,,,,,,,,,,,,,,,
I.0326,TERCER SECTOR INTERIOR,SUYAI ,FUNDACION SUYAI,,ABIERTA,70,70,70,70,70,72,35,,,,,,,,,,,,,,,,,,,,,,,
C.0327,TERCER SECTOR CAPITAL,ANGELITOS DEL REY,COMPROMISO MILITANTE ASOCIACIÓN CIVIL,,ABIERTA,57,55,52,52,52,46,72,,,,,,,,,,,,,,,,,,,,,,,
C.0328,TERCER SECTOR CAPITAL,LOS POLLITOS DE URQUIZA,AGRUPACIÓN PRESIDENTE ROCA ASOCIACIÓN CIVIL,,ABIERTA,57,57,55,55,54,53,46,,,,,,,,,,,,,,,,,,,,,,,
I.0329,COMUNAS Y MUNICIPIOS,SANTA LUISA DE MARILLAC,MUNICIPALIDAD DE LEONES,,ABIERTA,47,47,47,47,47,48,54,,,,,,,,,,,,,,,,,,,,,,,
I.0330,COMUNAS Y MUNICIPIOS,SAN JOSE MAÑANET,MUNICIPALIDAD DE MORRISON,,ABIERTA,19,19,19,19,19,19,48,,,,,,,,,,,,,,,,,,,,,,,
I.0331,COMUNAS Y MUNICIPIOS,LOS PITUFOS,MUNICIPALIDAD DE MATORRALES,,ABIERTA,11,11,11,11,11,13,19,,,,,,,,,,,,,,,,,,,,,,,
C.0332,TERCER SECTOR CAPITAL,MANOS VERDADERAS,ASOCIACIÓN CIVIL MANOS VERDADERAS DE CÓRDOBA,,ABIERTA,97,100,100,100,81,81,24,,,,,,,,,,,,,,,,,,,,,,,
C.0333,TERCER SECTOR CAPITAL,CORAZONCITOS FELICES,FUNDACIÓN INCLUSIÓN,,ABIERTA,51,46,46,46,33,40,77,,,,,,,,,,,,,,,,,,,,,,,
C.0334,TERCER SECTOR CAPITAL,NACHITOS,FUNDACIÓN MADRES INCANSABLES,,ABIERTA,44,45,45,45,45,44,37,,,,,,,,,,,,,,,,,,,,,,,
I.0335,COMUNAS Y MUNICIPIOS,PASO VIEJO,COMUNA DE PASO VIEJO,,ABIERTA,14,14,14,14,14,1,44,,,,,,,,,,,,,,,,,,,,,,,
I.0336,COMUNAS Y MUNICIPIOS,CHOCOLATE,MUNICIPALIDAD DE LA CRUZ,,ABIERTA,41,40,40,40,40,20,1,,,,,,,,,,,,,,,,,,,,,,,
I.0337,COMUNAS Y MUNICIPIOS,MARTIN RAFAEL LOYOLA,COMUNA DE TUCLAME,,ABIERTA,19,19,19,19,19,13,20,,,,,,,,,,,,,,,,,,,,,,,
I.0338,COMUNAS Y MUNICIPIOS,HUELLITAS DE SOL,COMUNA DE LOS CHAÑARITOS,,ABIERTA,34,34,34,34,34,18,13,,,,,,,,,,,,,,,,,,,,,,,
C.0339,TERCER SECTOR CAPITAL,ARCO IRIS DE FANTASIA,AGRUPACIÓN POR LA LUCHA SAN MARTINIANA - ASOCIACIÓN CIVIL,,ABIERTA,56,56,56,56,61,57,18,,,,,,,,,,,,,,,,,,,,,,,
C.0340,TERCER SECTOR CAPITAL,DULCE LUNA,ASOCIACIÓN CIVIL PRESENTE FUTURO,,ABIERTA,53,50,40,40,39,54,58,,,,,,,,,,,,,,,,,,,,,,,
I.0341,COMUNAS Y MUNICIPIOS,RAYITO DE SOL,COMUNA DE LA POBLACION,,ABIERTA,12,12,12,12,12,12,59,,,,,,,,,,,,,,,,,,,,,,,
I.0342,COMUNAS Y MUNICIPIOS,CORAZONES CONTENTOS,MUNICIPALIDAD DE LA CALERA,,CERRADA,CERRADA,CERRADA,CERRADA,CERRADA,CERRADA,CERRADA,11,,,,,,,,,,,,,,,,,,,,,,,
I.0343,COMUNAS Y MUNICIPIOS,CARITAS FELICES,MUNICIPALIDAD DE LA CALERA,,CERRADA,43,43,43,43,43,29,CERRADA,,,,,,,,,,,,,,,,,,,,,,,
I.0344,COMUNAS Y MUNICIPIOS,MONTAÑITAS DE SUEÑOS,MUNICIPALIDAD DE LA CALERA,,ABIERTA,32,34,34,34,34,28,30,,,,,,,,,,,,,,,,,,,,,,,
I.0345,COMUNAS Y MUNICIPIOS,PICO PICOTERO,MUNICIPALIDAD DE LA CALERA,,ABIERTA,69,69,69,69,69,63,30,,,,,,,,,,,,,,,,,,,,,,,
C.0346,TERCER SECTOR CAPITAL,ARCO IRIS DE ENSUEÑO,NUESTRA CÓRDOBA SOLIDARIA ASOCIACIÓN CIVIL,,ABIERTA,42,42,42,42,42,42,55,,,,,,,,,,,,,,,,,,,,,,,
I.0347,COMUNAS Y MUNICIPIOS,MARIA EVA,COMUNA DE RAYO CORTADO,,ABIERTA,31,31,31,31,31,27,41,,,,,,,,,,,,,,,,,,,,,,,
C.0348,TERCER SECTOR CAPITAL,WAWITAS,BENJAMINOS - ASOCIACIÓN CIVIL,,ABIERTA,76,77,77,77,75,76,29,,,,,,,,,,,,,,,,,,,,,,,
I.0349,COMUNAS Y MUNICIPIOS,OSITO TRAVIESO,MUNICIPALIDAD DE SANTIAGO TEMPLE,,ABIERTA,39,39,39,39,39,23,76,,,,,,,,,,,,,,,,,,,,,,,
I.0350,COMUNAS Y MUNICIPIOS,RAYITO DE LUZ,MUNICIPALIDAD DE COLONIA ITALIANA,,ABIERTA,24,24,25,25,25,22,26,,,,,,,,,,,,,,,,,,,,,,,
I.0351,COMUNAS Y MUNICIPIOS,RINCONCITO DE LUZ,MUNICIPALIDAD DE REDUCCIÓN,,ABIERTA,12,12,12,12,12,10,22,,,,,,,,,,,,,,,,,,,,,,,
I.0352,COMUNAS Y MUNICIPIOS,EL PATITO,MUNICIPALIDAD DE EL ARAÑADO,,ABIERTA,20,18,18,18,18,18,10,,,,,,,,,,,,,,,,,,,,,,,
I.0353,COMUNAS Y MUNICIPIOS,DR LUIS ALBERTO GARCIA,MUNICIPALIDAD DE VILLA GIARDINO,,ABIERTA,25,25,24,24,24,24,18,,,,,,,,,,,,,,,,,,,,,,,
I.0354,COMUNAS Y MUNICIPIOS,PASITOS TRAVIESOS,COMUNA DE MI GRANJA,,CERRADA,CERRADA,CERRADA,CERRADA,CERRADA,CERRADA,CERRADA,19,,,,,,,,,,,,,,,,,,,,,,,
I.0355,COMUNAS Y MUNICIPIOS,SONRISAS,MUNICIPALIDAD DE CRUZ DEL EJE,,CERRADA,11,11,10,10,10,5,CERRADA,,,,,,,,,,,,,,,,,,,,,,,
I.0356,COMUNAS Y MUNICIPIOS,SOLES III,MUNICIPALIDAD DE RIO TERCERO,,ABIERTA,22,23,22,22,22,16,5,,,,,,,,,,,,,,,,,,,,,,,
C.0357,TERCER SECTOR CAPITAL,PULGARCITOS,FUNDACIÓN SOLIDARIA CÓRDOBA,,ABIERTA,30,27,27,27,19,17,18,,,,,,,,,,,,,,,,,,,,,,,
I.0358,COMUNAS Y MUNICIPIOS,SALA RECREATIVA,MUNICIPALIDAD DE EMBALSE,,CERRADA,,,15,15,CERRADA,CERRADA,27,,,,,,,,,,,,,,,,,,,,,,,
I.0359,COMUNAS Y MUNICIPIOS,SEMILLITAS,MUNICIPALIDAD DE CHARRAS,,CERRADA,7,7,7,7,7,7,CERRADA,,,,,,,,,,,,,,,,,,,,,,,
C.0360,TERCER SECTOR CAPITAL,LA MAMITA,CASA SOLIDARIA LA MAMITA ASOCIACIÓN CIVIL,,ABIERTA,65,59,59,59,51,50,8,,,,,,,,,,,,,,,,,,,,,,,
I.0361,TERCER SECTOR INTERIOR,HABIA UNA VEZ,FUNDACION MAMAS SOLIDARIAS,,ABIERTA,63,63,63,63,63,61,54,,,,,,,,,,,,,,,,,,,,,,,
C.0362,TERCER SECTOR CAPITAL,HUELLITAS,FUNDACIÓN RAYITO DE SOL,,ABIERTA,60,60,61,61,65,65,69,,,,,,,,,,,,,,,,,,,,,,,
I.0363,COMUNAS Y MUNICIPIOS,MARIA ELENA WALSH,MUNICIPALIDAD DE IDIAZABAL,,ABIERTA,15,15,15,15,15,15,64,,,,,,,,,,,,,,,,,,,,,,,
C.0364,TERCER SECTOR CAPITAL,ESTRELLITA AZUL,JUNTOS POR TODOS ASOCIACIÓN CIVIL,,ABIERTA,52,54,52,52,41,40,19,,,,,,,,,,,,,,,,,,,,,,,
I.0365,COMUNAS Y MUNICIPIOS,CHABELA TORRES,MUNICIPALIDAD DE COLONIA CAROYA,,ABIERTA,20,16,16,16,16,17,45,,,,,,,,,,,,,,,,,,,,,,,
I.0366,COMUNAS Y MUNICIPIOS,CRECIENDO JUNTOS,MUNICIPALIDAD DE ALEJANDRO ROCA,,ABIERTA,60,60,60,60,60,58,17,,,,,,,,,,,,,,,,,,,,,,,
I.0367,COMUNAS Y MUNICIPIOS,APRENDIENDO A VOLAR,MUNICIPALIDAD DE TANCACHA,,ABIERTA,6,6,5,5,6,6,58,,,,,,,,,,,,,,,,,,,,,,,
I.0368,COMUNAS Y MUNICIPIOS,SOLES IV,MUNICIPALIDAD DE RIO TERCERO,,ABIERTA,27,28,28,28,28,15,6,,,,,,,,,,,,,,,,,,,,,,,
C.0369,TERCER SECTOR CAPITAL,LOS PEKES DE RUFINA,FUNDACIÓN SUEÑO DIGNO,,ABIERTA,60,60,60,60,54,58,18,,,,,,,,,,,,,,,,,,,,,,,
I.0370,COMUNAS Y MUNICIPIOS,RAYITOS DE SOL,MUNICIPALIDAD DE COLONIA MARINA,,ABIERTA,11,11,11,11,11,5,59,,,,,,,,,,,,,,,,,,,,,,,
I.0371,COMUNAS Y MUNICIPIOS,ARTURO TAGLIORETTI,MUNICIPALIDAD DE LA CIUDAD SAN FRANCISCO,,ABIERTA,34,34,34,34,34,34,6,,,,,,,,,,,,,,,,,,,,,,,
I.0372,COMUNAS Y MUNICIPIOS,CASA DEL NIÑO,MUNICIPALIDAD DE LA CIUDAD SAN FRANCISCO,,ABIERTA,41,41,41,41,41,43,34,,,,,,,,,,,,,,,,,,,,,,,
C.0373,TERCER SECTOR CAPITAL,NUESTRO FUTURO CARITAS MIMOSAS,COOPERATIVA DE VIVIENDA Y CONSUMO NUESTRO FUTURO LTDA.,,ABIERTA,72,72,72,72,72,72,47,,,,,,,,,,,,,,,,,,,,,,,
I.0374,COMUNAS Y MUNICIPIOS,MANITOS DE LUZ,MUNICIPALIDAD DE VILLA DEL DIQUE,,ABIERTA,23,23,23,23,23,23,72,,,,,,,,,,,,,,,,,,,,,,,
C.0375,TERCER SECTOR CAPITAL,PROPÓSITO DIVINO,COMPROMISO MILITANTE ASOCIACIÓN CIVIL,,ABIERTA,56,56,54,54,54,56,23,,,,,,,,,,,,,,,,,,,,,,,
I.0376,COMUNAS Y MUNICIPIOS,GOTITAS DE MIEL,MUNICIPALIDAD DE SAN MARCOS SIERRAS,,ABIERTA,30,30,30,30,30,19,55,,,,,,,,,,,,,,,,,,,,,,,
I.0377,TERCER SECTOR INTERIOR,SUEÑOS DE CORAZONES,LA RAZON DE NUESTRAS VIDAS ASOCIACION CIVIL,,ABIERTA,60,59,58,58,58,46,23,,,,,,,,,,,,,,,,,,,,,,,
I.0378,COMUNAS Y MUNICIPIOS,ARCO IRIS,MUNICIPALIDAD DE CORRALITO,,ABIERTA,12,12,12,12,12,12,46,,,,,,,,,,,,,,,,,,,,,,,
C.0379,TERCER SECTOR CAPITAL,LOS ÚNICOS PRIVILEGIADOS,CLUB INFANTIL VIVERO NORTE (ASOCIACIÓN CIVIL),,ABIERTA,38,40,39,39,41,41,12,,,,,,,,,,,,,,,,,,,,,,,
I.0380,COMUNAS Y MUNICIPIOS,RINCON DE LUZ,COMUNA DE CAPILLA DE LOS REMEDIOS,,ABIERTA,30,30,30,30,30,30,49,,,,,,,,,,,,,,,,,,,,,,,
I.0381,COMUNAS Y MUNICIPIOS,OSITOS CARIÑOSOS,COMUNA DE VILLA PARQUE SIQUIMAN,,ABIERTA,32,32,32,32,32,13,30,,,,,,,,,,,,,,,,,,,,,,,
I.0382,COMUNAS Y MUNICIPIOS,CRECER CREANDO,MUNICIPALIDAD DE VILLA YACANTO,,ABIERTA,26,26,26,26,26,24,17,,,,,,,,,,,,,,,,,,,,,,,
I.0383,COMUNAS Y MUNICIPIOS,SALSIPUEDES,MUNICIPALIDAD DE SALSIPUEDES,,ABIERTA,42,42,42,42,44,44,24,,,,,,,,,,,,,,,,,,,,,,,
I.0384,COMUNAS Y MUNICIPIOS,LAS ARDILLITAS,MUNICIPALIDAD LA CAUTIVA,,ABIERTA,24,24,24,24,24,11,41,,,,,,,,,,,,,,,,,,,,,,,
I.0385,COMUNAS Y MUNICIPIOS,HABIA UNA VEZ,DADA DE BAJA,,CERRADA,CERRADA,CERRADA,CERRADA,CERRADA,CERRADA,CERRADA,14,,,,,,,,,,,,,,,,,,,,,,,
I.0386,COMUNAS Y MUNICIPIOS,RAYITO DE SOL,COMUNA DE EL MANZANO,,CERRADA,23,24,24,24,24,13,CERRADA,,,,,,,,,,,,,,,,,,,,,,,
I.0387,COMUNAS Y MUNICIPIOS,CAPULLITO DE ILUSION,MUNICIPALIDAD DE LA CALERA,,ABIERTA,32,31,30,30,30,19,13,,,,,,,,,,,,,,,,,,,,,,,
I.0388,COMUNAS Y MUNICIPIOS,GUARDERIA MUNICIPAL MAESTRO AGUIRRE,MUNICIPALIDAD DE LA CIUDAD SAN FRANCISCO,,ABIERTA,13,13,13,13,13,11,20,,,,,,,,,,,,,,,,,,,,,,,
I.0389,COMUNAS Y MUNICIPIOS,PASITOS DE AMOR,MUNICIPALIDAD DE QUILINO,,ABIERTA,33,33,22,22,36,29,8,,,,,,,,,,,,,,,,,,,,,,,
I.0390,COMUNAS Y MUNICIPIOS,RAYITO DE SOL,MUNICIPALIDAD DE QUILINO,,ABIERTA,26,26,23,23,23,23,34,,,,,,,,,,,,,,,,,,,,,,,
I.0391,COMUNAS Y MUNICIPIOS,CARITAS SUCIAS,MUNICIPALIDAD DE RIO DE LOS SAUCES,,ABIERTA,26,26,26,26,26,14,26,,,,,,,,,,,,,,,,,,,,,,,
I.0392,TERCER SECTOR INTERIOR,,,,CERRADA,CERRADA,CERRADA,CERRADA,CERRADA,CERRADA,CERRADA,14,,,,,,,,,,,,,,,,,,,,,,,
I.0393,COMUNAS Y MUNICIPIOS,APRENDO CREANDO,MUNICIPALIDAD DE BIALET MASSE,,CERRADA,36,36,36,36,36,18,CERRADA,,,,,,,,,,,,,,,,,,,,,,,
C.0394,TERCER SECTOR CAPITAL,MI JARDINCITO,CONSTRUYENDO FUTURO (ASOCIACIÓN CIVIL),,ABIERTA,50,50,50,50,47,50,18,,,,,,,,,,,,,,,,,,,,,,,
I.0395,TERCER SECTOR INTERIOR,VEO VEO,FUNDACION MAMAS SOLIDARIAS,,ABIERTA,35,35,35,35,35,19,50,,,,,,,,,,,,,,,,,,,,,,,
I.0396,COMUNAS Y MUNICIPIOS,SOLES VI,MUNICIPALIDAD DE RIO TERCERO,,ABIERTA,31,30,29,29,29,25,22,,,,,,,,,,,,,,,,,,,,,,,
C.0397,TERCER SECTOR CAPITAL,CAJITA DE COLORES,ASOCIACIÓN CIVIL CRECER Y APRENDER,,ABIERTA,60,60,60,60,60,60,19,,,,,,,,,,,,,,,,,,,,,,,
C.0398,TERCER SECTOR CAPITAL,SOLO EL AMOR CONSTRUYE,CLUB INFANTIL VIVERO NORTE (ASOCIACIÓN CIVIL),,ABIERTA,43,43,39,39,38,55,60,,,,,,,,,,,,,,,,,,,,,,,
I.0399,COMUNAS Y MUNICIPIOS,GRACIELA NOVOA,MUNICIPALIDAD DE COLONIA CAROYA,,ABIERTA,41,39,39,39,39,29,60,,,,,,,,,,,,,,,,,,,,,,,
C.0400,TERCER SECTOR CAPITAL,ANGELITO DE DIOS,GUÍA MI CAMINO ASOCIACIÓN CIVIL,,ABIERTA,56,61,61,61,53,57,34,,,,,,,,,,,,,,,,,,,,,,,
C.0401,TERCER SECTOR CAPITAL,MONIGOTES DE COLORES II,RECURSOS HUMANOS ASOCIACIÓN CIVIL,,ABIERTA,37,35,35,35,33,32,54,,,,,,,,,,,,,,,,,,,,,,,
I.0402,COMUNAS Y MUNICIPIOS,CRECIENDO JUNTOS,COMUNA DE VILLA QUILLINZO,,CERRADA,CERRADA,CERRADA,CERRADA,CERRADA,CERRADA,CERRADA,32,,,,,,,,,,,,,,,,,,,,,,,
I.0403,COMUNAS Y MUNICIPIOS,SALA CUNA MUNICIPAL,MUNICIPALIDAD DE LA LAGUNA,,CERRADA,21,20,20,20,20,20,CERRADA,,,,,,,,,,,,,,,,,,,,,,,
I.0404,COMUNAS Y MUNICIPIOS,CAPERUCITA ROJA,COMUNA DE CHAÑAR VIEJO,,ABIERTA,17,17,13,13,13,12,20,,,,,,,,,,,,,,,,,,,,,,,
C.0405,TERCER SECTOR CAPITAL,LOS PEQUES DE GÜEMES,FUNDACIÓN SUEÑO DIGNO,,ABIERTA,47,50,52,52,43,43,12,,,,,,,,,,,,,,,,,,,,,,,
I.0406,COMUNAS Y MUNICIPIOS,SOLES V,MUNICIPALIDAD DE RIO TERCERO,,ABIERTA,29,23,23,23,23,20,50,,,,,,,,,,,,,,,,,,,,,,,
I.0407,COMUNAS Y MUNICIPIOS,SAPO PEPE,MUNICIPALIDAD DE LA FALDA,,ABIERTA,30,30,30,30,30,30,20,,,,,,,,,,,,,,,,,,,,,,,
C.0408,TERCER SECTOR CAPITAL,TORTUGUITAS,NUEVO FUTURO - ASOCIACIÓN CIVIL,,CERRADA,CERRADA,CERRADA,CERRADA,CERRADA,CERRADA,CERRADA,30,,,,,,,,,,,,,,,,,,,,,,,
C.0409,TERCER SECTOR CAPITAL,SONRISAS DE AMOR,FUNDACIÓN CÓRDOBA ES MI HOGAR,,CERRADA,56,51,54,54,55,57,CERRADA,,,,,,,,,,,,,,,,,,,,,,,
I.0410,COMUNAS Y MUNICIPIOS,EL PAYASO PINTON,MUNICIPALIDAD DE RIO CUARTO,,ABIERTA,54,54,53,53,53,31,57,,,,,,,,,,,,,,,,,,,,,,,
C.0411,TERCER SECTOR CAPITAL,MANOS DE CORAZÓN,ASOCIACIÓN CIVIL MANOS DE CORAZÓN,,ABIERTA,25,29,34,34,35,34,31,,,,,,,,,,,,,,,,,,,,,,,
I.0412,COMUNAS Y MUNICIPIOS,RAYITO DE SOL,COMUNA DE VILLA SAN ISIDRO,,ABIERTA,19,19,20,20,18,17,47,,,,,,,,,,,,,,,,,,,,,,,
C.0413,TERCER SECTOR CAPITAL,CRECIENDO CON AMOR,GUÍA MI CAMINO ASOCIACIÓN CIVIL,,ABIERTA,66,65,64,64,63,54,19,,,,,,,,,,,,,,,,,,,,,,,
C.0414,TERCER SECTOR CAPITAL,PASITOS DE COLORES,ASOCIACIÓN CIVIL COMPARTIR,,ABIERTA,70,70,70,70,68,70,55,,,,,,,,,,,,,,,,,,,,,,,
I.0415,TERCER SECTOR INTERIOR,RINCON DE SUEÑOS,FUNDACION FUNDAR ESPERANZA,,ABIERTA,49,50,50,50,50,40,70,,,,,,,,,,,,,,,,,,,,,,,
I.0416,TERCER SECTOR INTERIOR,SUEÑOS DE CUNA,AMIGOS DE LA VIDA ASOCIACION CIVIL,,CERRADA,CERRADA,CERRADA,CERRADA,CERRADA,CERRADA,CERRADA,44,,,,,,,,,,,,,,,,,,,,,,,
C.0417,TERCER SECTOR CAPITAL,MEJOR QUE DECIR ES HACER,CLUB INFANTIL VIVERO NORTE (ASOCIACIÓN CIVIL),,CERRADA,38,39,39,39,30,36,CERRADA,,,,,,,,,,,,,,,,,,,,,,,
C.0418,TERCER SECTOR CAPITAL,PEQUEÑOS DUENDES,SOMOS EL FUTURO ASOCIACIÓN CIVIL,,ABIERTA,50,50,50,50,54,60,36,,,,,,,,,,,,,,,,,,,,,,,
I.0419,COMUNAS Y MUNICIPIOS,MANUEL BELGRANO,MUNICIPALIDAD DE LA CIUDAD SAN FRANCISCO,,ABIERTA,8,8,8,8,8,8,59,,,,,,,,,,,,,,,,,,,,,,,
C.0420,TERCER SECTOR CAPITAL,DULCE CATALINA,FUNDACIÓN CAPACITACIÓN DE EQUIPOS TÉCNICOS,,ABIERTA,77,77,77,77,77,77,8,,,,,,,,,,,,,,,,,,,,,,,
I.0421,COMUNAS Y MUNICIPIOS,PIMPOLLITOS,MUNICIPALIDAD DE RIO CUARTO,,ABIERTA,45,45,45,35,35,10,77,,,,,,,,,,,,,,,,,,,,,,,
C.0422,TERCER SECTOR CAPITAL,CASA PUEBLO SUR,ASOCIACIÓN CIVIL CASA PUEBLO SUR,,ABIERTA,72,72,72,72,72,70,10,,,,,,,,,,,,,,,,,,,,,,,
C.0423,TERCER SECTOR CAPITAL,MANITOS DE COLORES,ASOCIACIÓN CIVIL TRABAJANDO POR EL FUTURO,,ABIERTA,38,41,41,39,39,45,72,,,,,,,,,,,,,,,,,,,,,,,
I.0424,COMUNAS Y MUNICIPIOS,RINCÓN DE FANTASIAS,MUNICIPALIDAD DE SANTA ROSA DE CALAMUCHITA,,ABIERTA,15,17,17,17,17,14,45,,,,,,,,,,,,,,,,,,,,,,,
C.0425,TERCER SECTOR CAPITAL,ESTRELLITAS DEL SUR,SINDICATO DE AMAS DE CASA - ASOCIACIÓN CIVIL (SACRA),,ABIERTA,62,56,56,56,55,55,14,,,,,,,,,,,,,,,,,,,,,,,
C.0426,TERCER SECTOR CAPITAL,ECOFEM,MIN DE LA MUJER Y MUNICIP. DE CBA,,ABIERTA,4,4,4,4,14,13,55,,,,,,,,,,,,,,,,,,,,,,,
I.0427,COMUNAS Y MUNICIPIOS,ARTURO UMBERTO ILLIA,MUNICIPALIDAD DE RÍO CEBALLOS,,CERRADA,35,35,38,38,37,37,CERRADA,,,,,,,,,,,,,,,,,,,,,,,
I.0428,COMUNAS Y MUNICIPIOS,DUENDECITOS,MUNICIPALIDAD DE VILLA GENERAL BELGRANO,,ABIERTA,35,35,35,35,35,34,33,,,,,,,,,,,,,,,,,,,,,,,
I.0429,COMUNAS Y MUNICIPIOS,RINCÓN DE SUEÑO,MUNICIPALIDAD DE VILLA GENERAL BELGRANO,,ABIERTA,47,47,48,48,48,40,34,,,,,,,,,,,,,,,,,,,,,,,
I.0430,COMUNAS Y MUNICIPIOS,PEQUEÑOS PASOS,MUNICIPALIDAD DE DEL CAMPILLO,,ABIERTA,18,20,20,20,20,19,40,,,,,,,,,,,,,,,,,,,,,,,
I.0431,COMUNAS Y MUNICIPIOS,JARDÍN ENCANTADO,MUNICIPALIDAD DE ADELIA MARIA,,ABIERTA,67,70,68,68,68,70,23,,,,,,,,,,,,,,,,,,,,,,,
I.0432,COMUNAS Y MUNICIPIOS,CONSTRUYENDO SUEÑOS,MUNICIPALIDAD DE VILLA CURA BROCHERO,,ABIERTA,17,17,17,17,17,16,70,,,,,,,,,,,,,,,,,,,,,,,
I.0434,TERCER SECTOR INTERIOR,MONIGOTES,SINDICATO DE AMAS DE CASA - ASOCIACIÓN CIVIL (SACRA),,ABIERTA,38,38,38,38,38,24,16,,,,,,,,,,,,,,,,,,,,,,,
I.0435,COMUNAS Y MUNICIPIOS,CENTRO DE PRIMERA INFANCIA MUNICIPALIDAD UCACHA,MUNICIPALIDAD DE UCACHA,,ABIERTA,77,78,78,78,78,78,24,,,,,,,,,,,,,,,,,,,,,,,
I.0436,COMUNAS Y MUNICIPIOS,C.C.I. SANTA NINA,MUNICIPALIDAD DE ELENA,,ABIERTA,53,53,53,53,53,66,78,,,,,,,,,,,,,,,,,,,,,,,
I.0437,COMUNAS Y MUNICIPIOS,ELEONORA FAVARO DE GIANNASSI,MUNICIPALIDAD DE BERROTARÁN,,ABIERTA,63,70,70,70,78,78,66,,,,,,,,,,,,,,,,,,,,,,,
I.0438,COMUNAS Y MUNICIPIOS,SONRISAS DE MIEL,MUNICIPALIDAD DE RÍO  CEBALLOS,,ABIERTA,22,22,25,25,25,25,62,,,,,,,,,,,,,,,,,,,,,,,
I.0439,COMUNAS Y MUNICIPIOS,BOSQUE CHOCOLATE,MUNICIPALIDAD DE VILLA GENERAL BELGRANO,,ABIERTA,28,28,28,28,28,24,22,,,,,,,,,,,,,,,,,,,,,,,
I.0440,COMUNAS Y MUNICIPIOS,DIVINO NIÑO,MUNICIPALIDAD DE LAS ACEQUIAS,,ABIERTA,19,19,23,23,23,23,24,,,,,,,,,,,,,,,,,,,,,,,
I.0441,COMUNAS Y MUNICIPIOS,LUNA LUNERA,COMUNA DE LAS PEÑAS SUD,,ABIERTA,11,11,9,9,7,7,23,,,,,,,,,,,,,,,,,,,,,,,
I.0442,COMUNAS Y MUNICIPIOS,MANUELITA,MUNICIPALIDAD DE SANTA EUFEMIA,,ABIERTA,45,45,45,45,45,35,7,,,,,,,,,,,,,,,,,,,,,,,
I.0443,COMUNAS Y MUNICIPIOS,SARA SÁNCHEZ DE VALQUINTA,MUNICIPALIDAD DE LA TORDILLA,,ABIERTA,30,30,30,30,30,27,38,,,,,,,,,,,,,,,,,,,,,,,
I.0444,COMUNAS Y MUNICIPIOS,LUNA DE COCO,MUNICIPALIDAD DE RÍO  CEBALLOS,,ABIERTA,19,19,16,16,16,16,27,,,,,,,,,,,,,,,,,,,,,,,
I.0445,COMUNAS Y MUNICIPIOS,CENTRO INFANTIL MUNICIPAL N°6,MUNICIPALIDAD DE VILLA CARLOS PAZ,,ABIERTA,41,41,41,41,41,31,21,,,,,,,,,,,,,,,,,,,,,,,
I.0446,COMUNAS Y MUNICIPIOS,PASITO A PASITO,COMUNA CAPILLA DEL SITÓN,,ABIERTA,22,22,21,21,21,18,35,,,,,,,,,,,,,,,,,,,,,,,
C.0447,TERCER SECTOR CAPITAL,LUNITA AZUL,JUNTOS POR TODOS ASOCIACIÓN CIVIL,,ABIERTA,28,,39,39,36,41,18,,,,,,,,,,,,,,,,,,,,,,,
I.0448,COMUNAS Y MUNICIPIOS,ARCO IRIS,MUNICIPALIDAD DE SAIRA,,ABIERTA,30,32,32,32,32,26,43,,,,,,,,,,,,,,,,,,,,,,,
I.0449,COMUNAS Y MUNICIPIOS,GARABATOS,MUNICIPALIDAD DE SAN BASILIO,,ABIERTA,40,40,40,40,40,40,26,,,,,,,,,,,,,,,,,,,,,,,
I.0450,COMUNAS Y MUNICIPIOS,CORAZONCITO,MUNICIPALIDAD DE VILLA FONTANA,,ABIERTA,14,14,14,14,14,14,40,,,,,,,,,,,,,,,,,,,,,,,
I.0451,COMUNAS Y MUNICIPIOS,SONRISAS DE COLORES,COMUNA DE VILLA DE POCHO,,ABIERTA,30,30,29,29,29,28,14,,,,,,,,,,,,,,,,,,,,,,,
I.0452,COMUNAS Y MUNICIPIOS,RAYITOS DE ESPERANZA,MUNICIPALIDAD DE EL BRETE,,ABIERTA,30,30,30,30,30,26,28,,,,,,,,,,,,,,,,,,,,,,,
I.0453,COMUNAS Y MUNICIPIOS,GUARDERIA VILLA AMANCAY,COMUNA VILLA AMANCAY,,ABIERTA,19,19,19,19,19,19,26,,,,,,,,,,,,,,,,,,,,,,,
C.0454,TERCER SECTOR CAPITAL,COSECHANDO ESPERANZAS,ASOCIACIÓN CIVIL MANOS VERDADERAS DE CORDOBA,,ABIERTA,57,57,60,60,53,60,19,,,,,,,,,,,,,,,,,,,,,,,
C.0455,,,,,ABIERTA,0,0,0,0,0,0,60,,,,,,,,,,,,,,,,,,,,,,,
C.0456,,,,,CERRADA,0,0,0,0,0,0,CERRADA,,,,,,,,,,,,,,,,,,,,,,,
C.0457,,,,,CERRADA,0,0,0,0,0,0,CERRADA,,,,,,,,,,,,,,,,,,,,,,,
C.0458,,,,,CERRADA,0,0,0,0,0,0,CERRADA,,,,,,,,,,,,,,,,,,,,,,,
C.0459,,,,,CERRADA,0,0,0,0,0,0,CERRADA,,,,,,,,,,,,,,,,,,,,,,,
C.0460,,,,,CERRADA,0,0,0,0,0,0,CERRADA,,,,,,,,,,,,,,,,,,,,,,,
C.0461,,,,,CERRADA,0,0,0,0,0,0,CERRADA,,,,,,,,,,,,,,,,,,,,,,,
C.0462,,,,,CERRADA,0,0,0,0,0,0,CERRADA,,,,,,,,,,,,,,,,,,,,,,,
C.0463,,,,,CERRADA,0,0,0,0,0,0,CERRADA,,,,,,,,,,,,,,,,,,,,,,,
C.0464,,,,,CERRADA,0,0,0,0,0,0,CERRADA,,,,,,,,,,,,,,,,,,,,,,,
C.0465,,,,,CERRADA,0,0,0,0,0,0,CERRADA,,,,,,,,,,,,,,,,,,,,,,,
C.0466,,,,,CERRADA,0,0,0,0,0,0,CERRADA,,,,,,,,,,,,,,,,,,,,,,,
C.0467,,,,,CERRADA,0,0,0,0,0,0,CERRADA,,,,,,,,,,,,,,,,,,,,,,,
C.0468,,,,,CERRADA,0,0,0,0,0,0,CERRADA,,,,,,,,,,,,,,,,,,,,,,,
C.0469,,,,,CERRADA,0,0,0,0,0,0,CERRADA,,,,,,,,,,,,,,,,,,,,,,,
C.0470,,,,,CERRADA,0,0,0,0,0,0,CERRADA,,,,,,,,,,,,,,,,,,,,,,,
C.0471,,,,,CERRADA,0,0,0,0,0,0,CERRADA,,,,,,,,,,,,,,,,,,,,,,,
C.0472,,,,,CERRADA,0,0,0,0,0,0,CERRADA,,,,,,,,,,,,,,,,,,,,,,,
C.0473,,,,,CERRADA,0,0,0,0,0,0,CERRADA,,,,,,,,,,,,,,,,,,,,,,,
C.0474,,,,,CERRADA,0,0,0,0,0,0,CERRADA,,,,,,,,,,,,,,,,,,,,,,,
C.0475,,,,,CERRADA,0,0,0,0,0,0,CERRADA,,,,,,,,,,,,,,,,,,,,,,,
C.0476,,,,,CERRADA,0,0,0,0,0,0,CERRADA,,,,,,,,,,,,,,,,,,,,,,,
C.0477,,,,,CERRADA,0,0,0,0,0,0,CERRADA,,,,,,,,,,,,,,,,,,,,,,,
C.0478,,,,,CERRADA,0,0,0,0,0,0,CERRADA,,,,,,,,,,,,,,,,,,,,,,,
C.0479,,,,,CERRADA,0,0,0,0,0,0,CERRADA,,,,,,,,,,,,,,,,,,,,,,,
C.0480,,,,,CERRADA,0,0,0,0,0,0,CERRADA,,,,,,,,,,,,,,,,,,,,,,,
C.0481,,,,,CERRADA,0,0,0,0,0,0,CERRADA,,,,,,,,,,,,,,,,,,,,,,,
C.0482,,,,,CERRADA,0,0,0,0,0,0,CERRADA,,,,,,,,,,,,,,,,,,,,,,,
C.0483,,,,,CERRADA,0,0,0,0,0,0,CERRADA,,,,,,,,,,,,,,,,,,,,,,,
C.0484,,,,,CERRADA,0,0,0,0,0,0,CERRADA,,,,,,,,,,,,,,,,,,,,,,,
I.0485,COMUNAS Y MUNICIPIOS,PETETE,MUNICIPALIDAD DE LAS ARRIAS,,CERRADA,,,28,28,28,24,CERRADA,,,,,,,,,,,,,,,,,,,,,,,
I.0486,COMUNAS Y MUNICIPIOS,CELIA MOYANO DE GENOVESIO,MUNICIPALIDAD DE VILLA CONCEPCION DEL TIO,,ABIERTA,,,14,14,14,14,19,,,,,,,,,,,,,,,,,,,,,,,
I.0487,COMUNAS Y MUNICIPIOS,XANAES,MUNICIPALIDAD DE ARROYITO,,ABIERTA,,9,9,9,9,9,14,,,,,,,,,,,,,,,,,,,,,,,
I.0488,COMUNAS Y MUNICIPIOS,CUNITAS DE ESTANCIA,COMUNA ESTANCIA VIEJA,,ABIERTA,,17,17,17,17,17,13,,,,,,,,,,,,,,,,,,,,,,,
I.0489,COMUNAS Y MUNICIPIOS,PIECITOS DESCALZOS,MUNICIPALIDAD DE VILLA RIO ICHO CRUZ,,ABIERTA,,,60,60,60,48,19,,,,,,,,,,,,,,,,,,,,,,,
C.0490,TERCER SECTOR CAPITAL,MI PEQUEÑO MUNDO,ASOCIACIÓN CIVIL COMPARTIR,,ABIERTA,,,38,38,48,59,47,,,,,,,,,,,,,,,,,,,,,,,
I.0491,,PASITOS,MUNICIPALIDAD DE HUINCA RENACÓ,,CERRADA,,,,,,0,CERRADA,,,,,,,,,,,,,,,,,,,,,,,
I0492,,PINOCHO,MUNICIPALIDAD DE QUEBRACHO HERRADO,,CERRADA,,,,,,,CERRADA,,,,,,,,,,,,,,,,,,,,,,,
C.0493,,RINCONCITO DE LUZ,ASOCIACION CIVIL UNIDOS POR UN MISMO SUEÑO,,NO SE MONITOREA,,,,,,,,,,,,,,,,,,,,,,,,,,,,,,